Tcrit_mean,Tcrit_std,Tcrit_min,Tcrit_max,elite_fracture_prob_mean,elite_fracture_prob_std,elite_fracture_prob_min,elite_fracture_prob_max,time_to_elite_fracture_mean,time_to_elite_fracture_std,time_to_elite_fracture_min,time_to_elite_fracture_max,weeks_below_elite_crit_mean,weeks_below_elite_crit_std,weeks_below_elite_crit_min,weeks_below_elite_crit_max,avg_loyal_mean,avg_loyal_std,avg_loyal_min,avg_loyal_max,peak_protest_mean,peak_protest_std,peak_protest_min,peak_protest_max,end_displaced_m_mean,end_displaced_m_std,end_displaced_m_min,end_displaced_m_max,mean_elite_mean,mean_elite_std,mean_elite_min,mean_elite_max,min_elite_mean,min_elite_std,min_elite_min,min_elite_max,mean_stab_mean,mean_stab_std,mean_stab_min,mean_stab_max,min_stab_mean,min_stab_std,min_stab_min,min_stab_max
43.0,0.0,43.0,43.0,1.0,0.0,1.0,1.0,55.0,0.0,55.0,55.0,82.0,0.0,82.0,82.0,0.2707432787199533,0.0,0.2707432787199533,0.2707432787199533,1.0,0.0,1.0,1.0,2.5334892344944717,0.0,2.5334892344944717,2.5334892344944717,0.39219645695582583,0.0,0.39219645695582583,0.39219645695582583,0.31593833325020393,0.0,0.31593833325020393,0.31593833325020393,0.2946992461368186,0.0,0.2946992461368186,0.2946992461368186,0.0,0.0,0.0,0.0
43.0,0.0,43.0,43.0,1.0,0.0,1.0,1.0,56.0,0.0,56.0,56.0,61.0,0.0,61.0,61.0,0.40202507520305897,0.0,0.40202507520305897,0.40202507520305897,1.0,0.0,1.0,1.0,2.727115738541787,0.0,2.727115738541787,2.727115738541787,0.4197586955205422,0.0,0.4197586955205422,0.4197586955205422,0.3189356820834991,0.0,0.3189356820834991,0.3189356820834991,0.4295490248614451,0.0,0.4295490248614451,0.4295490248614451,0.0,0.0,0.0,0.0
44.0,0.0,44.0,44.0,1.0,0.0,1.0,1.0,57.0,0.0,57.0,57.0,48.0,0.0,48.0,48.0,0.47772423532100017,0.0,0.47772423532100017,0.47772423532100017,1.0,0.0,1.0,1.0,2.877330396753369,0.0,2.877330396753369,2.877330396753369,0.4364668300132596,6.206335383118183e-17,0.43646683001325964,0.43646683001325964,0.3190036136949081,0.0,0.3190036136949081,0.3190036136949081,0.5046342525916697,0.0,0.5046342525916697,0.5046342525916697,0.0,0.0,0.0,0.0
41.0,0.0,41.0,41.0,1.0,0.0,1.0,1.0,53.0,0.0,53.0,53.0,53.0,0.0,53.0,53.0,0.47649821671871007,0.0,0.47649821671871007,0.47649821671871007,1.0,0.0,1.0,1.0,2.877636882851543,0.0,2.877636882851543,2.877636882851543,0.4309003828025496,0.0,0.4309003828025496,0.4309003828025496,0.3183534942788879,0.0,0.3183534942788879,0.3183534942788879,0.4793549961586976,0.0,0.4793549961586976,0.4793549961586976,0.0,0.0,0.0,0.0
41.0,0.0,41.0,41.0,1.0,0.0,1.0,1.0,59.0,0.0,59.0,59.0,41.0,0.0,41.0,41.0,0.47850637991852407,0.0,0.47850637991852407,0.47850637991852407,1.0,0.0,1.0,1.0,2.9251790521927927,0.0,2.9251790521927927,2.9251790521927927,0.451859032528391,6.206335383118183e-17,0.45185903252839094,0.45185903252839094,0.3342230454685132,0.0,0.3342230454685132,0.3342230454685132,0.4919217416715493,0.0,0.4919217416715493,0.4919217416715493,0.0,0.0,0.0,0.0
38.0,0.0,38.0,38.0,1.0,0.0,1.0,1.0,55.0,0.0,55.0,55.0,81.0,0.0,81.0,81.0,0.23818383032182938,3.1031676915590914e-17,0.23818383032182935,0.23818383032182935,1.0,0.0,1.0,1.0,2.4576799745323212,0.0,2.4576799745323212,2.4576799745323212,0.39725326238039754,0.0,0.39725326238039754,0.39725326238039754,0.33343991137271034,0.0,0.33343991137271034,0.33343991137271034,0.22970641564046437,0.0,0.22970641564046437,0.22970641564046437,0.0,0.0,0.0,0.0
157.0,0.0,157.0,157.0,0.0,0.0,0.0,0.0,157.0,0.0,157.0,157.0,0.0,0.0,0.0,0.0,0.28206699281917946,0.0,0.28206699281917946,0.28206699281917946,1.0,0.0,1.0,1.0,2.7142765234796773,0.0,2.7142765234796773,2.7142765234796773,0.529852031245656,0.0,0.529852031245656,0.529852031245656,0.47682915980743246,0.0,0.47682915980743246,0.47682915980743246,0.8282187843247437,1.2412670766236366e-16,0.8282187843247436,0.8282187843247436,0.5876272773128667,0.0,0.5876272773128667,0.5876272773128667
157.0,0.0,157.0,157.0,0.0,0.0,0.0,0.0,157.0,0.0,157.0,157.0,0.0,0.0,0.0,0.0,0.30239895072966266,0.0,0.30239895072966266,0.30239895072966266,1.0,0.0,1.0,1.0,2.7307514539207713,0.0,2.7307514539207713,2.7307514539207713,0.5363146441231518,0.0,0.5363146441231518,0.5363146441231518,0.48662833009631257,0.0,0.48662833009631257,0.48662833009631257,0.8505382776644652,1.2412670766236366e-16,0.8505382776644651,0.8505382776644651,0.627450880909673,0.0,0.627450880909673,0.627450880909673
157.0,0.0,157.0,157.0,0.0,0.0,0.0,0.0,157.0,0.0,157.0,157.0,0.0,0.0,0.0,0.0,0.3043399579079627,0.0,0.3043399579079627,0.3043399579079627,1.0,0.0,1.0,1.0,2.745649222032133,0.0,2.745649222032133,2.745649222032133,0.5497688506112709,0.0,0.5497688506112709,0.5497688506112709,0.4965471290930757,0.0,0.4965471290930757,0.4965471290930757,0.8514970024318561,0.0,0.8514970024318561,0.8514970024318561,0.6279451146764952,0.0,0.6279451146764952,0.6279451146764952
157.0,0.0,157.0,157.0,0.0,0.0,0.0,0.0,157.0,0.0,157.0,157.0,0.0,0.0,0.0,0.0,0.2999726290572377,0.0,0.2999726290572377,0.2999726290572377,1.0,0.0,1.0,1.0,2.735487422684278,0.0,2.735487422684278,2.735487422684278,0.5406581649039691,0.0,0.5406581649039691,0.5406581649039691,0.48387804870587986,0.0,0.48387804870587986,0.48387804870587986,0.8139075955032287,1.2412670766236366e-16,0.8139075955032286,0.8139075955032286,0.5750403891421796,0.0,0.5750403891421796,0.5750403891421796
157.0,0.0,157.0,157.0,0.0,0.0,0.0,0.0,157.0,0.0,157.0,157.0,0.0,0.0,0.0,0.0,0.29885043325731786,0.0,0.29885043325731786,0.29885043325731786,1.0,0.0,1.0,1.0,2.7280383431095565,0.0,2.7280383431095565,2.7280383431095565,0.5374238447567664,0.0,0.5374238447567664,0.5374238447567664,0.48190382515061947,6.206335383118183e-17,0.4819038251506194,0.4819038251506194,0.8003770763223292,1.2412670766236366e-16,0.8003770763223291,0.8003770763223291,0.5666724861975414,0.0,0.5666724861975414,0.5666724861975414
157.0,0.0,157.0,157.0,0.0,0.0,0.0,0.0,157.0,0.0,157.0,157.0,0.0,0.0,0.0,0.0,0.5588247234780334,0.0,0.5588247234780334,0.5588247234780334,0.28693501885349004,0.0,0.28693501885349004,0.28693501885349004,0.331373967121416,0.0,0.331373967121416,0.331373967121416,0.6297064076047926,0.0,0.6297064076047926,0.6297064076047926,0.6107340939801225,0.0,0.6107340939801225,0.6107340939801225,0.9894970065916473,0.0,0.9894970065916473,0.9894970065916473,0.6544583593231899,0.0,0.6544583593231899,0.6544583593231899
157.0,0.0,157.0,157.0,0.0,0.0,0.0,0.0,157.0,0.0,157.0,157.0,0.0,0.0,0.0,0.0,0.5237860163116929,0.0,0.5237860163116929,0.5237860163116929,0.31157688873898204,0.0,0.31157688873898204,0.31157688873898204,0.3540606373136929,0.0,0.3540606373136929,0.3540606373136929,0.6260502731585359,0.0,0.6260502731585359,0.6260502731585359,0.60968986700887,0.0,0.60968986700887,0.60968986700887,0.9892290892901168,1.2412670766236366e-16,0.9892290892901167,0.9892290892901167,0.6537216838715617,0.0,0.6537216838715617,0.6537216838715617
157.0,0.0,157.0,157.0,0.0,0.0,0.0,0.0,157.0,0.0,157.0,157.0,0.0,0.0,0.0,0.0,0.5242355803705779,0.0,0.5242355803705779,0.5242355803705779,0.3115696150722999,0.0,0.3115696150722999,0.3115696150722999,0.35355762750837877,0.0,0.35355762750837877,0.35355762750837877,0.6261750789401591,0.0,0.6261750789401591,0.6261750789401591,0.6098106191912028,0.0,0.6098106191912028,0.6098106191912028,0.9892564135590083,1.2412670766236366e-16,0.9892564135590084,0.9892564135590084,0.6538027949977374,0.0,0.6538027949977374,0.6538027949977374
157.0,0.0,157.0,157.0,0.0,0.0,0.0,0.0,157.0,0.0,157.0,157.0,0.0,0.0,0.0,0.0,0.5225635524106885,0.0,0.5225635524106885,0.5225635524106885,0.3116326627912534,0.0,0.3116326627912534,0.3116326627912534,0.3536977175493566,0.0,0.3536977175493566,0.3536977175493566,0.6180598938170384,0.0,0.6180598938170384,0.6180598938170384,0.5978859332658758,0.0,0.5978859332658758,0.5978859332658758,0.9892662115730049,1.2412670766236366e-16,0.989266211573005,0.989266211573005,0.6538599528615083,0.0,0.6538599528615083,0.6538599528615083
157.0,0.0,157.0,157.0,0.0,0.0,0.0,0.0,157.0,0.0,157.0,157.0,0.0,0.0,0.0,0.0,0.8346108641801961,1.2412670766236366e-16,0.8346108641801963,0.8346108641801963,0.14678633911190328,0.0,0.14678633911190328,0.14678633911190328,0.3355288246515553,0.0,0.3355288246515553,0.3355288246515553,0.6312061756371419,0.0,0.6312061756371419,0.6312061756371419,0.6177903114767589,0.0,0.6177903114767589,0.6177903114767589,0.9910985567384147,0.0,0.9910985567384147,0.9910985567384147,0.6579378126646599,0.0,0.6579378126646599,0.6579378126646599
157.0,0.0,157.0,157.0,0.0,0.0,0.0,0.0,157.0,0.0,157.0,157.0,0.0,0.0,0.0,0.0,0.7540570743728234,0.0,0.7540570743728234,0.7540570743728234,0.14680310920679698,0.0,0.14680310920679698,0.14680310920679698,0.33735612246393504,0.0,0.33735612246393504,0.33735612246393504,0.6282328997958532,0.0,0.6282328997958532,0.6282328997958532,0.6137142632722169,0.0,0.6137142632722169,0.6137142632722169,0.9899438632505188,1.2412670766236366e-16,0.9899438632505189,0.9899438632505189,0.6552611120411809,0.0,0.6552611120411809,0.6552611120411809
157.0,0.0,157.0,157.0,0.0,0.0,0.0,0.0,157.0,0.0,157.0,157.0,0.0,0.0,0.0,0.0,0.718885144010437,0.0,0.718885144010437,0.718885144010437,0.20218264728648672,0.0,0.20218264728648672,0.20218264728648672,0.3392056195416861,0.0,0.3392056195416861,0.3392056195416861,0.6259601245952703,0.0,0.6259601245952703,0.6259601245952703,0.6066238014569424,0.0,0.6066238014569424,0.6066238014569424,0.9891598202500058,0.0,0.9891598202500058,0.9891598202500058,0.653614886834465,0.0,0.653614886834465,0.653614886834465
157.0,0.0,157.0,157.0,0.0,0.0,0.0,0.0,157.0,0.0,157.0,157.0,0.0,0.0,0.0,0.0,0.7285326125545394,0.0,0.7285326125545394,0.7285326125545394,0.1080899019775983,0.0,0.1080899019775983,0.1080899019775983,0.33680791764347673,0.0,0.33680791764347673,0.33680791764347673,0.6281717497277831,0.0,0.6281717497277831,0.6281717497277831,0.6106086880612648,0.0,0.6106086880612648,0.6106086880612648,0.9894383349572993,0.0,0.9894383349572993,0.9894383349572993,0.6549245755403686,0.0,0.6549245755403686,0.6549245755403686
157.0,0.0,157.0,157.0,0.0,0.0,0.0,0.0,157.0,0.0,157.0,157.0,0.0,0.0,0.0,0.0,0.39466286880590307,0.0,0.39466286880590307,0.39466286880590307,0.1080899019775983,0.0,0.1080899019775983,0.1080899019775983,0.33680792630926726,0.0,0.33680792630926726,0.33680792630926726,0.6281545927755897,0.0,0.6281545927755897,0.6281545927755897,0.6105213844767177,0.0,0.6105213844767177,0.6105213844767177,0.9893656456273714,0.0,0.9893656456273714,0.9893656456273714,0.6546872009839856,0.0,0.6546872009839856,0.6546872009839856
157.0,0.0,157.0,157.0,0.0,0.0,0.0,0.0,157.0,0.0,157.0,157.0,0.0,0.0,0.0,0.0,0.412593954265777,0.0,0.412593954265777,0.412593954265777,0.10745871444407748,0.0,0.10745871444407748,0.10745871444407748,0.3345475710447563,0.0,0.3345475710447563,0.3345475710447563,0.628734003377125,0.0,0.628734003377125,0.628734003377125,0.6115546421165103,0.0,0.6115546421165103,0.6115546421165103,0.9896545681872212,0.0,0.9896545681872212,0.9896545681872212,0.6555359742701593,0.0,0.6555359742701593,0.6555359742701593
157.0,0.0,157.0,157.0,0.0,0.0,0.0,0.0,157.0,0.0,157.0,157.0,0.0,0.0,0.0,0.0,0.4121766998701242,0.0,0.4121766998701242,0.4121766998701242,0.10745871444407748,0.0,0.10745871444407748,0.10745871444407748,0.3345475902818442,0.0,0.3345475902818442,0.3345475902818442,0.6270408034419563,0.0,0.6270408034419563,0.6270408034419563,0.5990351261669696,0.0,0.5990351261669696,0.5990351261669696,0.982709518768629,1.2412670766236366e-16,0.9827095187686289,0.9827095187686289,0.6439210618640073,0.0,0.6439210618640073,0.6439210618640073
47.0,0.0,47.0,47.0,1.0,0.0,1.0,1.0,47.0,0.0,47.0,47.0,109.0,0.0,109.0,109.0,0.012687872339159417,1.939479807224432e-18,0.012687872339159419,0.012687872339159419,1.0,0.0,1.0,1.0,2.607732078912474,0.0,2.607732078912474,2.607732078912474,0.33153108809431536,0.0,0.33153108809431536,0.33153108809431536,0.25787626380252604,0.0,0.25787626380252604,0.25787626380252604,0.23270179090548884,0.0,0.23270179090548884,0.23270179090548884,0.0,0.0,0.0,0.0
46.0,0.0,46.0,46.0,1.0,0.0,1.0,1.0,47.0,0.0,47.0,47.0,109.0,0.0,109.0,109.0,0.012613156815113578,0.0,0.012613156815113578,0.012613156815113578,1.0,0.0,1.0,1.0,2.612225916784667,0.0,2.612225916784667,2.612225916784667,0.3312753130336964,0.0,0.3312753130336964,0.3312753130336964,0.25780935969022295,0.0,0.25780935969022295,0.25780935969022295,0.23210572243352628,0.0,0.23210572243352628,0.23210572243352628,0.0,0.0,0.0,0.0
46.0,0.0,46.0,46.0,1.0,0.0,1.0,1.0,47.0,0.0,47.0,47.0,109.0,0.0,109.0,109.0,0.012612181579282702,0.0,0.012612181579282702,0.012612181579282702,1.0,0.0,1.0,1.0,2.61207323323842,0.0,2.61207323323842,2.61207323323842,0.3308511422617818,0.0,0.3308511422617818,0.3308511422617818,0.25780931224702963,0.0,0.25780931224702963,0.25780931224702963,0.2308718589563074,0.0,0.2308718589563074,0.2308718589563074,0.0,0.0,0.0,0.0
48.0,0.0,48.0,48.0,1.0,0.0,1.0,1.0,48.0,0.0,48.0,48.0,108.0,0.0,108.0,108.0,0.012755599932652045,0.0,0.012755599932652045,0.012755599932652045,1.0,0.0,1.0,1.0,2.554314573039874,0.0,2.554314573039874,2.554314573039874,0.33340320145386937,0.0,0.33340320145386937,0.33340320145386937,0.2590170756084602,0.0,0.2590170756084602,0.2590170756084602,0.23720895076550472,0.0,0.23720895076550472,0.23720895076550472,0.0,0.0,0.0,0.0
48.0,0.0,48.0,48.0,1.0,0.0,1.0,1.0,48.0,0.0,48.0,48.0,108.0,0.0,108.0,108.0,0.014241276887037375,0.0,0.014241276887037375,0.014241276887037375,1.0,0.0,1.0,1.0,2.552956392088933,0.0,2.552956392088933,2.552956392088933,0.3337689642309788,0.0,0.3337689642309788,0.3337689642309788,0.25901710565272895,0.0,0.25901710565272895,0.25901710565272895,0.2385000002637992,3.1031676915590914e-17,0.23850000026379917,0.23850000026379917,0.0,0.0,0.0,0.0
47.0,0.0,47.0,47.0,1.0,0.0,1.0,1.0,47.0,0.0,47.0,47.0,109.0,0.0,109.0,109.0,0.014078255015738322,0.0,0.014078255015738322,0.014078255015738322,1.0,0.0,1.0,1.0,2.591501100958018,0.0,2.591501100958018,2.591501100958018,0.331894105800521,0.0,0.331894105800521,0.331894105800521,0.25825736910996,0.0,0.25825736910996,0.25825736910996,0.233597261273537,3.1031676915590914e-17,0.23359726127353697,0.23359726127353697,0.0,0.0,0.0,0.0
47.0,0.0,47.0,47.0,1.0,0.0,1.0,1.0,47.0,0.0,47.0,47.0,109.0,0.0,109.0,109.0,0.015070055883989478,0.0,0.015070055883989478,0.015070055883989478,1.0,0.0,1.0,1.0,2.591691391092922,0.0,2.591691391092922,2.591691391092922,0.3319490755029365,0.0,0.3319490755029365,0.3319490755029365,0.2582573755594185,0.0,0.2582573755594185,0.2582573755594185,0.23378533375344399,0.0,0.23378533375344399,0.23378533375344399,0.0,0.0,0.0,0.0
47.0,0.0,47.0,47.0,1.0,0.0,1.0,1.0,47.0,0.0,47.0,47.0,109.0,0.0,109.0,109.0,0.01423834343399985,0.0,0.01423834343399985,0.01423834343399985,1.0,0.0,1.0,1.0,2.5915567700598054,0.0,2.5915567700598054,2.5915567700598054,0.33190127232910527,0.0,0.33190127232910527,0.33190127232910527,0.25825737017430817,0.0,0.25825737017430817,0.25825737017430817,0.23361994965514418,0.0,0.23361994965514418,0.23361994965514418,0.0,0.0,0.0,0.0
157.0,0.0,157.0,157.0,1.0,0.0,1.0,1.0,152.0,0.0,152.0,152.0,4.0,0.0,4.0,4.0,0.014239170010946944,0.0,0.014239170010946944,0.014239170010946944,1.0,0.0,1.0,1.0,2.591382715674356,0.0,2.591382715674356,2.591382715674356,0.4216975931485057,0.0,0.4216975931485057,0.4216975931485057,0.3475760037993633,0.0,0.3475760037993633,0.3475760037993633,0.7806369467328267,0.0,0.7806369467328267,0.7806369467328267,0.4634870591388943,6.206335383118183e-17,0.4634870591388944,0.4634870591388944
157.0,0.0,157.0,157.0,0.0,0.0,0.0,0.0,157.0,0.0,157.0,157.0,0.0,0.0,0.0,0.0,0.014255763229095303,0.0,0.014255763229095303,0.014255763229095303,1.0,0.0,1.0,1.0,2.5914001662039374,0.0,2.5914001662039374,2.5914001662039374,0.4773021832013088,6.206335383118183e-17,0.47730218320130874,0.47730218320130874,0.4014865416864476,0.0,0.4014865416864476,0.4014865416864476,0.7806485433837701,0.0,0.7806485433837701,0.7806485433837701,0.46349378334542546,6.206335383118183e-17,0.4634937833454255,0.4634937833454255
157.0,0.0,157.0,157.0,0.0,0.0,0.0,0.0,157.0,0.0,157.0,157.0,0.0,0.0,0.0,0.0,0.014405858041183637,1.939479807224432e-18,0.014405858041183635,0.014405858041183635,1.0,0.0,1.0,1.0,2.591163659321832,0.0,2.591163659321832,2.591163659321832,0.4773329459035038,6.206335383118183e-17,0.47733294590350384,0.47733294590350384,0.40149175829007955,0.0,0.40149175829007955,0.40149175829007955,0.7807280869881319,0.0,0.7807280869881319,0.7807280869881319,0.4635196858422178,6.206335383118183e-17,0.46351968584221787,0.46351968584221787
157.0,0.0,157.0,157.0,0.0,0.0,0.0,0.0,157.0,0.0,157.0,157.0,0.0,0.0,0.0,0.0,0.014466381643900983,1.939479807224432e-18,0.014466381643900982,0.014466381643900982,1.0,0.0,1.0,1.0,2.591223811243472,0.0,2.591223811243472,2.591223811243472,0.5201266711030755,0.0,0.5201266711030755,0.5201266711030755,0.4384344391681007,0.0,0.4384344391681007,0.4384344391681007,0.780774352696202,0.0,0.780774352696202,0.780774352696202,0.4635450847351145,0.0,0.4635450847351145,0.4635450847351145
157.0,0.0,157.0,157.0,0.0,0.0,0.0,0.0,157.0,0.0,157.0,157.0,0.0,0.0,0.0,0.0,0.014470589390393331,0.0,0.014470589390393331,0.014470589390393331,1.0,0.0,1.0,1.0,2.469682440140106,0.0,2.469682440140106,2.469682440140106,0.5286840150238076,0.0,0.5286840150238076,0.5286840150238076,0.4436657057067851,0.0,0.4436657057067851,0.4436657057067851,0.8011168048779472,0.0,0.8011168048779472,0.8011168048779472,0.48738947738999217,6.206335383118183e-17,0.4873894773899922,0.4873894773899922
157.0,0.0,157.0,157.0,0.0,0.0,0.0,0.0,157.0,0.0,157.0,157.0,0.0,0.0,0.0,0.0,0.014475965607346125,0.0,0.014475965607346125,0.014475965607346125,0.21422500871984668,0.0,0.21422500871984668,0.21422500871984668,0.6018055780226834,0.0,0.6018055780226834,0.6018055780226834,0.6262372279390578,0.0,0.6262372279390578,0.6262372279390578,0.6153437453118743,0.0,0.6153437453118743,0.6153437453118743,0.9950525436248459,0.0,0.9950525436248459,0.9950525436248459,0.6889541026507581,0.0,0.6889541026507581,0.6889541026507581
157.0,0.0,157.0,157.0,0.0,0.0,0.0,0.0,157.0,0.0,157.0,157.0,0.0,0.0,0.0,0.0,0.014477450015841923,0.0,0.014477450015841923,0.014477450015841923,0.21422500871984668,0.0,0.21422500871984668,0.21422500871984668,0.6018051556582203,0.0,0.6018051556582203,0.6018051556582203,0.626375046349206,0.0,0.626375046349206,0.626375046349206,0.6153437814203552,0.0,0.6153437814203552,0.6153437814203552,0.9956457946425876,0.0,0.9956457946425876,0.9956457946425876,0.7009027875042619,0.0,0.7009027875042619,0.7009027875042619
157.0,0.0,157.0,157.0,0.0,0.0,0.0,0.0,157.0,0.0,157.0,157.0,0.0,0.0,0.0,0.0,0.014476975310709211,0.0,0.014476975310709211,0.014476975310709211,0.23461289029989713,0.0,0.23461289029989713,0.23461289029989713,0.618629493926771,0.0,0.618629493926771,0.618629493926771,0.6242823397371028,0.0,0.6242823397371028,0.6242823397371028,0.6131589375794987,0.0,0.6131589375794987,0.6131589375794987,0.9954703585289411,0.0,0.9954703585289411,0.9954703585289411,0.6995204726834954,0.0,0.6995204726834954,0.6995204726834954
157.0,0.0,157.0,157.0,0.0,0.0,0.0,0.0,157.0,0.0,157.0,157.0,0.0,0.0,0.0,0.0,0.01446107938081429,0.0,0.01446107938081429,0.01446107938081429,0.23461231122297038,0.0,0.23461231122297038,0.23461231122297038,0.6186288401260862,0.0,0.6186288401260862,0.6186288401260862,0.6344418385907938,0.0,0.6344418385907938,0.6344418385907938,0.6284548373443637,0.0,0.6284548373443637,0.6284548373443637,0.9954607170341024,1.2412670766236366e-16,0.9954607170341023,0.9954607170341023,0.699363913608795,0.0,0.699363913608795,0.699363913608795
157.0,0.0,157.0,157.0,0.0,0.0,0.0,0.0,157.0,0.0,157.0,157.0,0.0,0.0,0.0,0.0,0.014453366257151937,0.0,0.014453366257151937,0.014453366257151937,0.23460664011141227,3.1031676915590914e-17,0.2346066401114123,0.2346066401114123,0.6186262109811859,0.0,0.6186262109811859,0.6186262109811859,0.6333055144803426,0.0,0.6333055144803426,0.6333055144803426,0.6284552063158149,0.0,0.6284552063158149,0.6284552063158149,0.9908710544958307,1.2412670766236366e-16,0.9908710544958308,0.9908710544958308,0.6678402461885828,0.0,0.6678402461885828,0.6678402461885828
157.0,0.0,157.0,157.0,0.0,0.0,0.0,0.0,157.0,0.0,157.0,157.0,0.0,0.0,0.0,0.0,0.030659258315269076,0.0,0.030659258315269076,0.030659258315269076,0.2347512073456776,0.0,0.2347512073456776,0.2347512073456776,0.6185436755309138,0.0,0.6185436755309138,0.6185436755309138,0.6335856855233308,0.0,0.6335856855233308,0.6335856855233308,0.6284451931055742,0.0,0.6284451931055742,0.6284451931055742,0.9917428614284663,1.2412670766236366e-16,0.9917428614284662,0.9917428614284662,0.6702063055227018,0.0,0.6702063055227018,0.6702063055227018
157.0,0.0,157.0,157.0,0.0,0.0,0.0,0.0,157.0,0.0,157.0,157.0,0.0,0.0,0.0,0.0,0.03204307044630902,0.0,0.03204307044630902,0.03204307044630902,0.23445320309911222,0.0,0.23445320309911222,0.23445320309911222,0.6182329176463486,0.0,0.6182329176463486,0.6182329176463486,0.6337943605612202,0.0,0.6337943605612202,0.6337943605612202,0.6284658264481168,0.0,0.6284658264481168,0.6284658264481168,0.992363246749514,1.2412670766236366e-16,0.9923632467495141,0.9923632467495141,0.6712567116682437,0.0,0.6712567116682437,0.6712567116682437
157.0,0.0,157.0,157.0,0.0,0.0,0.0,0.0,157.0,0.0,157.0,157.0,0.0,0.0,0.0,0.0,0.03193662773214851,0.0,0.03193662773214851,0.03193662773214851,0.23684770256231094,0.0,0.23684770256231094,0.23684770256231094,0.6197974531813308,0.0,0.6197974531813308,0.6197974531813308,0.6270340477082975,0.0,0.6270340477082975,0.6270340477082975,0.6197160127510636,0.0,0.6197160127510636,0.6197160127510636,0.9658320124541981,0.0,0.9658320124541981,0.9658320124541981,0.6597621423243689,0.0,0.6597621423243689,0.6597621423243689
157.0,0.0,157.0,157.0,0.0,0.0,0.0,0.0,157.0,0.0,157.0,157.0,0.0,0.0,0.0,0.0,0.6379365635157755,0.0,0.6379365635157755,0.6379365635157755,0.1637067449707243,0.0,0.1637067449707243,0.1637067449707243,0.34373381911264705,0.0,0.34373381911264705,0.34373381911264705,0.6493340082940865,0.0,0.6493340082940865,0.6493340082940865,0.634783817618922,0.0,0.634783817618922,0.634783817618922,0.9898332809113597,1.2412670766236366e-16,0.9898332809113598,0.9898332809113598,0.6613985217509661,0.0,0.6613985217509661,0.6613985217509661
58.0,0.0,58.0,58.0,1.0,0.0,1.0,1.0,71.0,0.0,71.0,71.0,85.0,0.0,85.0,85.0,0.019833670001451698,0.0,0.019833670001451698,0.019833670001451698,1.0,0.0,1.0,1.0,2.105362281097558,0.0,2.105362281097558,2.105362281097558,0.405080687824138,0.0,0.405080687824138,0.405080687824138,0.3119396831210877,0.0,0.3119396831210877,0.3119396831210877,0.28764754320854136,0.0,0.28764754320854136,0.28764754320854136,0.0,0.0,0.0,0.0
58.0,0.0,58.0,58.0,1.0,0.0,1.0,1.0,65.0,0.0,65.0,65.0,91.0,0.0,91.0,91.0,0.019462106952947904,0.0,0.019462106952947904,0.019462106952947904,1.0,0.0,1.0,1.0,2.1068935644487325,0.0,2.1068935644487325,2.1068935644487325,0.3729113873420062,0.0,0.3729113873420062,0.3729113873420062,0.2900036502734453,0.0,0.2900036502734453,0.2900036502734453,0.2868979735307946,0.0,0.2868979735307946,0.2868979735307946,0.0,0.0,0.0,0.0
47.0,0.0,47.0,47.0,1.0,0.0,1.0,1.0,55.0,0.0,55.0,55.0,101.0,0.0,101.0,101.0,0.019444259416777767,0.0,0.019444259416777767,0.019444259416777767,1.0,0.0,1.0,1.0,2.1168774347237025,0.0,2.1168774347237025,2.1168774347237025,0.3570823835268179,0.0,0.3570823835268179,0.3570823835268179,0.28953106953001606,0.0,0.28953106953001606,0.28953106953001606,0.21044517954674885,3.1031676915590914e-17,0.21044517954674882,0.21044517954674882,0.0,0.0,0.0,0.0
47.0,0.0,47.0,47.0,1.0,0.0,1.0,1.0,57.0,0.0,57.0,57.0,99.0,0.0,99.0,99.0,0.01938456274789859,0.0,0.01938456274789859,0.01938456274789859,1.0,0.0,1.0,1.0,2.1171711996671263,0.0,2.1171711996671263,2.1171711996671263,0.38362460989659686,0.0,0.38362460989659686,0.38362460989659686,0.31975855580465723,0.0,0.31975855580465723,0.31975855580465723,0.21029294383696265,3.1031676915590914e-17,0.21029294383696262,0.21029294383696262,0.0,0.0,0.0,0.0
46.0,0.0,46.0,46.0,1.0,0.0,1.0,1.0,56.0,0.0,56.0,56.0,100.0,0.0,100.0,100.0,0.019219356037430267,0.0,0.019219356037430267,0.019219356037430267,1.0,0.0,1.0,1.0,2.2198761758978556,0.0,2.2198761758978556,2.2198761758978556,0.3804025756545214,0.0,0.3804025756545214,0.3804025756545214,0.31662188446345296,0.0,0.31662188446345296,0.31662188446345296,0.20771902241875337,0.0,0.20771902241875337,0.20771902241875337,0.0,0.0,0.0,0.0
46.0,0.0,46.0,46.0,1.0,0.0,1.0,1.0,56.0,0.0,56.0,56.0,100.0,0.0,100.0,100.0,0.01921548527380146,0.0,0.01921548527380146,0.01921548527380146,1.0,0.0,1.0,1.0,2.2200597821206673,0.0,2.2200597821206673,2.2200597821206673,0.38020847268175006,0.0,0.38020847268175006,0.38020847268175006,0.3166218844632365,0.0,0.3166218844632365,0.3166218844632365,0.2068828712998229,0.0,0.2068828712998229,0.2068828712998229,0.0,0.0,0.0,0.0
46.0,0.0,46.0,46.0,1.0,0.0,1.0,1.0,58.0,0.0,58.0,58.0,98.0,0.0,98.0,98.0,0.019230192430051644,0.0,0.019230192430051644,0.019230192430051644,1.0,0.0,1.0,1.0,2.220008942467669,0.0,2.220008942467669,2.220008942467669,0.38944560609473117,0.0,0.38944560609473117,0.38944560609473117,0.32683816645099606,0.0,0.32683816645099606,0.32683816645099606,0.20691012822364732,0.0,0.20691012822364732,0.20691012822364732,0.0,0.0,0.0,0.0
45.0,0.0,45.0,45.0,1.0,0.0,1.0,1.0,57.0,0.0,57.0,57.0,99.0,0.0,99.0,99.0,0.019047519145276536,0.0,0.019047519145276536,0.019047519145276536,1.0,0.0,1.0,1.0,2.2797748568005787,0.0,2.2797748568005787,2.2797748568005787,0.38652809370611524,0.0,0.38652809370611524,0.38652809370611524,0.3252806168769129,0.0,0.3252806168769129,0.3252806168769129,0.20201331540821924,0.0,0.20201331540821924,0.20201331540821924,0.0,0.0,0.0,0.0
45.0,0.0,45.0,45.0,1.0,0.0,1.0,1.0,56.0,0.0,56.0,56.0,100.0,0.0,100.0,100.0,0.018997027962212986,0.0,0.018997027962212986,0.018997027962212986,1.0,0.0,1.0,1.0,2.2926220955029804,0.0,2.2926220955029804,2.2926220955029804,0.385863137646635,0.0,0.385863137646635,0.385863137646635,0.3249630668596111,0.0,0.3249630668596111,0.3249630668596111,0.20082819358368154,0.0,0.20082819358368154,0.20082819358368154,0.0,0.0,0.0,0.0
45.0,0.0,45.0,45.0,1.0,0.0,1.0,1.0,56.0,0.0,56.0,56.0,100.0,0.0,100.0,100.0,0.018995425922295917,0.0,0.018995425922295917,0.018995425922295917,1.0,0.0,1.0,1.0,2.29940675000621,0.0,2.29940675000621,2.29940675000621,0.384982616458288,0.0,0.384982616458288,0.384982616458288,0.324963066853102,0.0,0.324963066853102,0.324963066853102,0.197486079806598,0.0,0.197486079806598,0.197486079806598,0.0,0.0,0.0,0.0
45.0,0.0,45.0,45.0,1.0,0.0,1.0,1.0,56.0,0.0,56.0,56.0,100.0,0.0,100.0,100.0,0.021238128254200614,0.0,0.021238128254200614,0.021238128254200614,1.0,0.0,1.0,1.0,2.29822370502027,0.0,2.29822370502027,2.29822370502027,0.38513567626838824,0.0,0.38513567626838824,0.38513567626838824,0.32496306685427845,0.0,0.32496306685427845,0.32496306685427845,0.19807417388244652,0.0,0.19807417388244652,0.19807417388244652,0.0,0.0,0.0,0.0
157.0,0.0,157.0,157.0,0.0,0.0,0.0,0.0,157.0,0.0,157.0,157.0,0.0,0.0,0.0,0.0,0.021297968082746567,0.0,0.021297968082746567,0.021297968082746567,0.14388361535478306,0.0,0.14388361535478306,0.14388361535478306,0.4658571391263873,6.206335383118183e-17,0.46585713912638727,0.46585713912638727,0.5679892725855481,0.0,0.5679892725855481,0.5679892725855481,0.5486568066730487,0.0,0.5486568066730487,0.5486568066730487,0.900403249167358,1.2412670766236366e-16,0.9004032491673581,0.9004032491673581,0.647918678670841,0.0,0.647918678670841,0.647918678670841
157.0,0.0,157.0,157.0,0.0,0.0,0.0,0.0,157.0,0.0,157.0,157.0,0.0,0.0,0.0,0.0,0.02159838523292639,0.0,0.02159838523292639,0.02159838523292639,0.14388297297174518,0.0,0.14388297297174518,0.14388297297174518,0.45837559272062506,0.0,0.45837559272062506,0.45837559272062506,0.5699963486443895,0.0,0.5699963486443895,0.5699963486443895,0.5491354674645306,0.0,0.5491354674645306,0.5491354674645306,0.9051669737252848,0.0,0.9051669737252848,0.9051669737252848,0.648444292732302,0.0,0.648444292732302,0.648444292732302
157.0,0.0,157.0,157.0,0.0,0.0,0.0,0.0,157.0,0.0,157.0,157.0,0.0,0.0,0.0,0.0,0.02160094077303551,0.0,0.02160094077303551,0.02160094077303551,0.14381605784234508,0.0,0.14381605784234508,0.14381605784234508,0.4583768292808691,0.0,0.4583768292808691,0.4583768292808691,0.5750230440747193,0.0,0.5750230440747193,0.5750230440747193,0.550231239577026,0.0,0.550231239577026,0.550231239577026,0.9263321434316847,0.0,0.9263321434316847,0.9263321434316847,0.6488572136370703,0.0,0.6488572136370703,0.6488572136370703
157.0,0.0,157.0,157.0,0.0,0.0,0.0,0.0,157.0,0.0,157.0,157.0,0.0,0.0,0.0,0.0,0.08793099538879859,0.0,0.08793099538879859,0.08793099538879859,0.143814040341189,0.0,0.143814040341189,0.143814040341189,0.4306295320937716,6.206335383118183e-17,0.43062953209377164,0.43062953209377164,0.5832893702593833,0.0,0.5832893702593833,0.5832893702593833,0.5519285726505838,0.0,0.5519285726505838,0.5519285726505838,0.9484240303176715,1.2412670766236366e-16,0.9484240303176716,0.9484240303176716,0.6504696632398124,0.0,0.6504696632398124,0.6504696632398124
157.0,0.0,157.0,157.0,0.0,0.0,0.0,0.0,157.0,0.0,157.0,157.0,0.0,0.0,0.0,0.0,0.3342300452455463,0.0,0.3342300452455463,0.3342300452455463,0.143814040341189,0.0,0.143814040341189,0.143814040341189,0.43062977018626436,0.0,0.43062977018626436,0.43062977018626436,0.5856079149449459,0.0,0.5856079149449459,0.5856079149449459,0.5520834692384582,0.0,0.5520834692384582,0.5520834692384582,0.9577352278549196,0.0,0.9577352278549196,0.9577352278549196,0.6507661012432497,0.0,0.6507661012432497,0.6507661012432497
157.0,0.0,157.0,157.0,0.0,0.0,0.0,0.0,157.0,0.0,157.0,157.0,0.0,0.0,0.0,0.0,0.33396795657912576,0.0,0.33396795657912576,0.33396795657912576,0.143814040341189,0.0,0.143814040341189,0.143814040341189,0.4306298173897233,0.0,0.4306298173897233,0.4306298173897233,0.5802147845526741,0.0,0.5802147845526741,0.5802147845526741,0.5206451770871118,0.0,0.5206451770871118,0.5206451770871118,0.9351655580060021,0.0,0.9351655580060021,0.9351655580060021,0.6202521910777812,0.0,0.6202521910777812,0.6202521910777812
157.0,0.0,157.0,157.0,0.0,0.0,0.0,0.0,157.0,0.0,157.0,157.0,0.0,0.0,0.0,0.0,0.3339742389509375,0.0,0.3339742389509375,0.3339742389509375,0.143814040341189,0.0,0.143814040341189,0.143814040341189,0.4306298119761386,0.0,0.4306298119761386,0.4306298119761386,0.580386203221701,0.0,0.580386203221701,0.580386203221701,0.5219515610070753,0.0,0.5219515610070753,0.5219515610070753,0.9358986222783315,0.0,0.9358986222783315,0.9358986222783315,0.6241922526212254,0.0,0.6241922526212254,0.6241922526212254
157.0,0.0,157.0,157.0,0.0,0.0,0.0,0.0,157.0,0.0,157.0,157.0,0.0,0.0,0.0,0.0,0.33396554481604146,0.0,0.33396554481604146,0.33396554481604146,0.07101964006120656,0.0,0.07101964006120656,0.07101964006120656,0.43058632572472433,0.0,0.43058632572472433,0.43058632572472433,0.580431030204567,0.0,0.580431030204567,0.580431030204567,0.5225110217772138,0.0,0.5225110217772138,0.5225110217772138,0.9359342528471352,1.2412670766236366e-16,0.9359342528471353,0.9359342528471353,0.6252950373334945,0.0,0.6252950373334945,0.6252950373334945
157.0,0.0,157.0,157.0,0.0,0.0,0.0,0.0,157.0,0.0,157.0,157.0,0.0,0.0,0.0,0.0,0.02401406786032025,0.0,0.02401406786032025,0.02401406786032025,0.07102025290868208,0.0,0.07102025290868208,0.07102025290868208,0.4840367787038041,0.0,0.4840367787038041,0.4840367787038041,0.5632328436760199,0.0,0.5632328436760199,0.5632328436760199,0.5217002195745244,0.0,0.5217002195745244,0.5217002195745244,0.8892761206876347,0.0,0.8892761206876347,0.8892761206876347,0.6247834537150022,0.0,0.6247834537150022,0.6247834537150022
157.0,0.0,157.0,157.0,0.0,0.0,0.0,0.0,157.0,0.0,157.0,157.0,0.0,0.0,0.0,0.0,0.023749859383210458,0.0,0.023749859383210458,0.023749859383210458,0.07115647266671171,0.0,0.07115647266671171,0.07115647266671171,0.485527163716086,0.0,0.485527163716086,0.485527163716086,0.5626519232509771,0.0,0.5626519232509771,0.5626519232509771,0.52012995514121,0.0,0.52012995514121,0.52012995514121,0.8882705314213453,0.0,0.8882705314213453,0.8882705314213453,0.624187793672755,0.0,0.624187793672755,0.624187793672755
157.0,0.0,157.0,157.0,0.0,0.0,0.0,0.0,157.0,0.0,157.0,157.0,0.0,0.0,0.0,0.0,0.00797330697470626,0.0,0.00797330697470626,0.00797330697470626,0.07115647266671171,0.0,0.07115647266671171,0.07115647266671171,0.485527163716086,0.0,0.485527163716086,0.485527163716086,0.5624829355336642,0.0,0.5624829355336642,0.5624829355336642,0.5188255383351841,0.0,0.5188255383351841,0.5188255383351841,0.8875487691492966,0.0,0.8875487691492966,0.8875487691492966,0.621965354647703,0.0,0.621965354647703,0.621965354647703
157.0,0.0,157.0,157.0,0.0,0.0,0.0,0.0,157.0,0.0,157.0,157.0,0.0,0.0,0.0,0.0,0.03666690512179839,0.0,0.03666690512179839,0.03666690512179839,0.1345069858011026,0.0,0.1345069858011026,0.1345069858011026,0.4550119019664627,0.0,0.4550119019664627,0.4550119019664627,0.6061555166095628,0.0,0.6061555166095628,0.6061555166095628,0.6027460857881987,0.0,0.6027460857881987,0.6027460857881987,0.9909655345398946,0.0,0.9909655345398946,0.9909655345398946,0.6607589161398388,0.0,0.6607589161398388,0.6607589161398388
157.0,0.0,157.0,157.0,0.0,0.0,0.0,0.0,157.0,0.0,157.0,157.0,0.0,0.0,0.0,0.0,0.03481068844217243,0.0,0.03481068844217243,0.03481068844217243,0.1345069858011026,0.0,0.1345069858011026,0.1345069858011026,0.4550118554049184,6.206335383118183e-17,0.45501185540491834,0.45501185540491834,0.5500014743857077,0.0,0.5500014743857077,0.5500014743857077,0.5424614141319763,0.0,0.5424614141319763,0.5424614141319763,0.9909082686650674,0.0,0.9909082686650674,0.9909082686650674,0.6603752514203309,0.0,0.6603752514203309,0.6603752514203309
157.0,0.0,157.0,157.0,0.0,0.0,0.0,0.0,157.0,0.0,157.0,157.0,0.0,0.0,0.0,0.0,0.034542639099769415,0.0,0.034542639099769415,0.034542639099769415,0.1827854783007347,0.0,0.1827854783007347,0.1827854783007347,0.49282255970426003,0.0,0.49282255970426003,0.49282255970426003,0.5460212624312317,0.0,0.5460212624312317,0.5460212624312317,0.5389427737737807,0.0,0.5389427737737807,0.5389427737737807,0.989668996639088,0.0,0.989668996639088,0.989668996639088,0.6583182172259844,0.0,0.6583182172259844,0.6583182172259844
157.0,0.0,157.0,157.0,0.0,0.0,0.0,0.0,157.0,0.0,157.0,157.0,0.0,0.0,0.0,0.0,0.0334738844688947,0.0,0.0334738844688947,0.0334738844688947,0.18278720948101662,0.0,0.18278720948101662,0.18278720948101662,0.5094958972117375,0.0,0.5094958972117375,0.5094958972117375,0.5432266318223847,0.0,0.5432266318223847,0.5432266318223847,0.5377083234629795,0.0,0.5377083234629795,0.5377083234629795,0.9891106988238286,0.0,0.9891106988238286,0.9891106988238286,0.6565380721897345,0.0,0.6565380721897345,0.6565380721897345
157.0,0.0,157.0,157.0,0.0,0.0,0.0,0.0,157.0,0.0,157.0,157.0,0.0,0.0,0.0,0.0,0.03313563362002324,0.0,0.03313563362002324,0.03313563362002324,0.18288031918847067,0.0,0.18288031918847067,0.18288031918847067,0.5220810750653634,0.0,0.5220810750653634,0.5220810750653634,0.540282708985007,0.0,0.540282708985007,0.540282708985007,0.5364305349921007,0.0,0.5364305349921007,0.5364305349921007,0.9889753723593888,1.2412670766236366e-16,0.9889753723593887,0.9889753723593887,0.6561941385583144,0.0,0.6561941385583144,0.6561941385583144
157.0,0.0,157.0,157.0,0.0,0.0,0.0,0.0,157.0,0.0,157.0,157.0,0.0,0.0,0.0,0.0,0.0315993759893429,0.0,0.0315993759893429,0.0315993759893429,0.18288514240357856,0.0,0.18288514240357856,0.18288514240357856,0.5300985379512413,0.0,0.5300985379512413,0.5300985379512413,0.5387195644387731,0.0,0.5387195644387731,0.5387195644387731,0.5343200738651895,0.0,0.5343200738651895,0.5343200738651895,0.9880087571051137,0.0,0.9880087571051137,0.9880087571051137,0.6511161531774752,0.0,0.6511161531774752,0.6511161531774752
157.0,0.0,157.0,157.0,0.0,0.0,0.0,0.0,157.0,0.0,157.0,157.0,0.0,0.0,0.0,0.0,0.031591953203269144,0.0,0.031591953203269144,0.031591953203269144,0.18288514240357856,0.0,0.18288514240357856,0.18288514240357856,0.5301047785851187,0.0,0.5301047785851187,0.5301047785851187,0.5386745650057999,0.0,0.5386745650057999,0.5386745650057999,0.5338949320868888,0.0,0.5338949320868888,0.5338949320868888,0.9877919456632162,0.0,0.9877919456632162,0.9877919456632162,0.6479392403212734,0.0,0.6479392403212734,0.6479392403212734
157.0,0.0,157.0,157.0,0.0,0.0,0.0,0.0,157.0,0.0,157.0,157.0,0.0,0.0,0.0,0.0,0.03134068746003828,0.0,0.03134068746003828,0.03134068746003828,0.18288514240357856,0.0,0.18288514240357856,0.18288514240357856,0.5325843807835027,0.0,0.5325843807835027,0.5325843807835027,0.5193757053264766,0.0,0.5193757053264766,0.5193757053264766,0.5079508610008584,0.0,0.5079508610008584,0.5079508610008584,0.8944940957457579,0.0,0.8944940957457579,0.8944940957457579,0.6303891126749969,0.0,0.6303891126749969,0.6303891126749969
157.0,0.0,157.0,157.0,0.0,0.0,0.0,0.0,157.0,0.0,157.0,157.0,0.0,0.0,0.0,0.0,0.6105310634158662,0.0,0.6105310634158662,0.6105310634158662,0.18288487892288913,0.0,0.18288487892288913,0.18288487892288913,0.362525741139399,0.0,0.362525741139399,0.362525741139399,0.5633020825376186,0.0,0.5633020825376186,0.5633020825376186,0.5081222353506786,0.0,0.5081222353506786,0.5081222353506786,0.9568567135900474,0.0,0.9568567135900474,0.9568567135900474,0.6305949396878919,0.0,0.6305949396878919,0.6305949396878919
157.0,0.0,157.0,157.0,0.0,0.0,0.0,0.0,157.0,0.0,157.0,157.0,0.0,0.0,0.0,0.0,0.612631204590365,0.0,0.612631204590365,0.612631204590365,0.182730048179743,0.0,0.182730048179743,0.182730048179743,0.3601271128208363,0.0,0.3601271128208363,0.3601271128208363,0.5643234324869701,0.0,0.5643234324869701,0.5643234324869701,0.5095310796584096,0.0,0.5095310796584096,0.5095310796584096,0.9576685207111618,0.0,0.9576685207111618,0.9576685207111618,0.631147466392681,0.0,0.631147466392681,0.631147466392681
157.0,0.0,157.0,157.0,0.0,0.0,0.0,0.0,157.0,0.0,157.0,157.0,0.0,0.0,0.0,0.0,0.6746344736009678,0.0,0.6746344736009678,0.6746344736009678,0.182730048179743,0.0,0.182730048179743,0.182730048179743,0.3597745599258262,0.0,0.3597745599258262,0.3597745599258262,0.5648641732121275,0.0,0.5648641732121275,0.5648641732121275,0.5095787211429024,0.0,0.5095787211429024,0.5095787211429024,0.9592572373214228,0.0,0.9592572373214228,0.9592572373214228,0.6312248104876352,0.0,0.6312248104876352,0.6312248104876352
157.0,0.0,157.0,157.0,0.0,0.0,0.0,0.0,157.0,0.0,157.0,157.0,0.0,0.0,0.0,0.0,0.6744197543288263,0.0,0.6744197543288263,0.6744197543288263,0.182730048179743,0.0,0.182730048179743,0.182730048179743,0.3597803560840262,0.0,0.3597803560840262,0.3597803560840262,0.5643249709897387,0.0,0.5643249709897387,0.5643249709897387,0.5083300201422865,0.0,0.5083300201422865,0.5083300201422865,0.9592310291737078,0.0,0.9592310291737078,0.9592310291737078,0.63121344400964,0.0,0.63121344400964,0.63121344400964
157.0,0.0,157.0,157.0,0.0,0.0,0.0,0.0,157.0,0.0,157.0,157.0,0.0,0.0,0.0,0.0,0.6770820636565998,0.0,0.6770820636565998,0.6770820636565998,0.182730048179743,0.0,0.182730048179743,0.182730048179743,0.3597467255913867,0.0,0.3597467255913867,0.3597467255913867,0.5800893505307397,0.0,0.5800893505307397,0.5800893505307397,0.5185089434305783,0.0,0.5185089434305783,0.5185089434305783,0.9593791278551962,1.2412670766236366e-16,0.9593791278551961,0.9593791278551961,0.6311732107142205,0.0,0.6311732107142205,0.6311732107142205
157.0,0.0,157.0,157.0,0.0,0.0,0.0,0.0,157.0,0.0,157.0,157.0,0.0,0.0,0.0,0.0,0.7726454172566875,0.0,0.7726454172566875,0.7726454172566875,0.182730048179743,0.0,0.182730048179743,0.182730048179743,0.35866877932250385,0.0,0.35866877932250385,0.35866877932250385,0.5821241739717561,0.0,0.5821241739717561,0.5821241739717561,0.5188928210538579,0.0,0.5188928210538579,0.5188928210538579,0.9644826991289539,0.0,0.9644826991289539,0.9644826991289539,0.6313180460762069,0.0,0.6313180460762069,0.6313180460762069
157.0,0.0,157.0,157.0,0.0,0.0,0.0,0.0,157.0,0.0,157.0,157.0,0.0,0.0,0.0,0.0,0.6300776713484341,0.0,0.6300776713484341,0.6300776713484341,0.182730048179743,0.0,0.182730048179743,0.182730048179743,0.3604639677938157,0.0,0.3604639677938157,0.3604639677938157,0.5788181902857108,0.0,0.5788181902857108,0.5788181902857108,0.5174090709662283,0.0,0.5174090709662283,0.5174090709662283,0.9562898104585138,1.2412670766236366e-16,0.9562898104585137,0.9562898104585137,0.6306045929512709,0.0,0.6306045929512709,0.6306045929512709
157.0,0.0,157.0,157.0,0.0,0.0,0.0,0.0,157.0,0.0,157.0,157.0,0.0,0.0,0.0,0.0,0.6302421735282687,0.0,0.6302421735282687,0.6302421735282687,0.182730048179743,0.0,0.182730048179743,0.182730048179743,0.3604349217155382,0.0,0.3604349217155382,0.3604349217155382,0.580141312634114,0.0,0.580141312634114,0.580141312634114,0.5217596733089926,0.0,0.5217596733089926,0.5217596733089926,0.9619325068146827,0.0,0.9619325068146827,0.9619325068146827,0.6356108331901005,0.0,0.6356108331901005,0.6356108331901005
157.0,0.0,157.0,157.0,0.0,0.0,0.0,0.0,157.0,0.0,157.0,157.0,0.0,0.0,0.0,0.0,0.6310560572031654,0.0,0.6310560572031654,0.6310560572031654,0.1816762400863637,0.0,0.1816762400863637,0.1816762400863637,0.3602554983327966,0.0,0.3602554983327966,0.3602554983327966,0.5803512967917343,0.0,0.5803512967917343,0.5803512967917343,0.5221150840822695,0.0,0.5221150840822695,0.5221150840822695,0.9622011734111326,1.2412670766236366e-16,0.9622011734111328,0.9622011734111328,0.6356268046580718,0.0,0.6356268046580718,0.6356268046580718
157.0,0.0,157.0,157.0,0.0,0.0,0.0,0.0,157.0,0.0,157.0,157.0,0.0,0.0,0.0,0.0,0.6320011276652543,0.0,0.6320011276652543,0.6320011276652543,0.1816762400863637,0.0,0.1816762400863637,0.1816762400863637,0.360088991043953,0.0,0.360088991043953,0.360088991043953,0.5869491771141716,0.0,0.5869491771141716,0.5869491771141716,0.5572548706649674,0.0,0.5572548706649674,0.5572548706649674,0.9911342021955074,0.0,0.9911342021955074,0.9911342021955074,0.7080711903204535,0.0,0.7080711903204535,0.7080711903204535
157.0,0.0,157.0,157.0,0.0,0.0,0.0,0.0,157.0,0.0,157.0,157.0,0.0,0.0,0.0,0.0,0.41795951622855265,6.206335383118183e-17,0.4179595162285526,0.4179595162285526,0.1816764287034041,0.0,0.1816764287034041,0.1816764287034041,0.38629406659217697,0.0,0.38629406659217697,0.38629406659217697,0.5751132430077044,0.0,0.5751132430077044,0.5751132430077044,0.5553167492946045,0.0,0.5553167492946045,0.5553167492946045,0.9833405781461714,1.2412670766236366e-16,0.9833405781461715,0.9833405781461715,0.7079530417066586,0.0,0.7079530417066586,0.7079530417066586
157.0,0.0,157.0,157.0,0.0,0.0,0.0,0.0,157.0,0.0,157.0,157.0,0.0,0.0,0.0,0.0,0.42680100549816935,6.206335383118183e-17,0.4268010054981693,0.4268010054981693,0.18162157516046298,0.0,0.18162157516046298,0.18162157516046298,0.37850041585790883,0.0,0.37850041585790883,0.37850041585790883,0.5768877349707396,0.0,0.5768877349707396,0.5768877349707396,0.5564845969546762,0.0,0.5564845969546762,0.5564845969546762,0.9842167544947884,0.0,0.9842167544947884,0.9842167544947884,0.7081212151089447,0.0,0.7081212151089447,0.7081212151089447
50.0,0.0,50.0,50.0,1.0,0.0,1.0,1.0,59.0,0.0,59.0,59.0,97.0,0.0,97.0,97.0,0.016542349945991797,0.0,0.016542349945991797,0.016542349945991797,1.0,0.0,1.0,1.0,2.6167788259063185,0.0,2.6167788259063185,2.6167788259063185,0.36417393445084634,0.0,0.36417393445084634,0.36417393445084634,0.2947270063292679,0.0,0.2947270063292679,0.2947270063292679,0.2531583286068275,0.0,0.2531583286068275,0.2531583286068275,0.0,0.0,0.0,0.0
50.0,0.0,50.0,50.0,1.0,0.0,1.0,1.0,59.0,0.0,59.0,59.0,97.0,0.0,97.0,97.0,0.01654212490164866,0.0,0.01654212490164866,0.01654212490164866,1.0,0.0,1.0,1.0,2.615916094182476,0.0,2.615916094182476,2.615916094182476,0.363725318933094,0.0,0.363725318933094,0.363725318933094,0.2947270056511328,0.0,0.2947270056511328,0.2947270056511328,0.2516981504638073,0.0,0.2516981504638073,0.2516981504638073,0.0,0.0,0.0,0.0
157.0,0.0,157.0,157.0,0.0,0.0,0.0,0.0,157.0,0.0,157.0,157.0,0.0,0.0,0.0,0.0,0.44583241836173926,0.0,0.44583241836173926,0.44583241836173926,0.14696832334485832,0.0,0.14696832334485832,0.14696832334485832,0.32548272748467993,0.0,0.32548272748467993,0.32548272748467993,0.6267599211923303,0.0,0.6267599211923303,0.6267599211923303,0.5504647041543693,0.0,0.5504647041543693,0.5504647041543693,0.9489067069258248,1.2412670766236366e-16,0.9489067069258247,0.9489067069258247,0.5431270186893683,0.0,0.5431270186893683,0.5431270186893683
157.0,0.0,157.0,157.0,0.0,0.0,0.0,0.0,157.0,0.0,157.0,157.0,0.0,0.0,0.0,0.0,0.7839935800612161,0.0,0.7839935800612161,0.7839935800612161,0.14696832334485832,0.0,0.14696832334485832,0.14696832334485832,0.32548467290541855,0.0,0.32548467290541855,0.32548467290541855,0.6276300478549478,0.0,0.6276300478549478,0.6276300478549478,0.5541365291872355,0.0,0.5541365291872355,0.5541365291872355,0.9522834714520279,1.2412670766236366e-16,0.952283471452028,0.952283471452028,0.5667279229422998,0.0,0.5667279229422998,0.5667279229422998
157.0,0.0,157.0,157.0,0.0,0.0,0.0,0.0,157.0,0.0,157.0,157.0,0.0,0.0,0.0,0.0,0.7775308459919427,0.0,0.7775308459919427,0.7775308459919427,0.14697351848041879,0.0,0.14697351848041879,0.14697351848041879,0.3255639487216968,0.0,0.3255639487216968,0.3255639487216968,0.6269154058969503,0.0,0.6269154058969503,0.6269154058969503,0.5505565576316775,0.0,0.5505565576316775,0.5505565576316775,0.9498565783937234,1.2412670766236366e-16,0.9498565783937235,0.9498565783937235,0.5446585686342847,0.0,0.5446585686342847,0.5446585686342847
157.0,0.0,157.0,157.0,0.0,0.0,0.0,0.0,157.0,0.0,157.0,157.0,0.0,0.0,0.0,0.0,0.6636971426509237,0.0,0.6636971426509237,0.6636971426509237,0.14697351848041879,0.0,0.14697351848041879,0.14697351848041879,0.3255635548886936,0.0,0.3255635548886936,0.3255635548886936,0.6266190813254578,0.0,0.6266190813254578,0.6266190813254578,0.5502746724016968,0.0,0.5502746724016968,0.5502746724016968,0.9487295561333855,0.0,0.9487295561333855,0.9487295561333855,0.5429113325527232,0.0,0.5429113325527232,0.5429113325527232
157.0,0.0,157.0,157.0,0.0,0.0,0.0,0.0,157.0,0.0,157.0,157.0,0.0,0.0,0.0,0.0,0.6027012585930956,0.0,0.6027012585930956,0.6027012585930956,0.14697595836802452,0.0,0.14697595836802452,0.14697595836802452,0.32668849693616914,0.0,0.32668849693616914,0.32668849693616914,0.6239376455051155,0.0,0.6239376455051155,0.6239376455051155,0.5490982142664432,0.0,0.5490982142664432,0.5490982142664432,0.942906544821447,0.0,0.942906544821447,0.942906544821447,0.537312214674063,0.0,0.537312214674063,0.537312214674063
157.0,0.0,157.0,157.0,0.0,0.0,0.0,0.0,157.0,0.0,157.0,157.0,0.0,0.0,0.0,0.0,0.6150786064987902,0.0,0.6150786064987902,0.6150786064987902,0.14674921183310718,0.0,0.14674921183310718,0.14674921183310718,0.3194923016984597,0.0,0.3194923016984597,0.3194923016984597,0.6253395521114512,0.0,0.6253395521114512,0.6253395521114512,0.5503557900942634,0.0,0.5503557900942634,0.5503557900942634,0.9443444726296949,0.0,0.9443444726296949,0.9443444726296949,0.5399594349598072,0.0,0.5399594349598072,0.5399594349598072
157.0,0.0,157.0,157.0,0.0,0.0,0.0,0.0,157.0,0.0,157.0,157.0,0.0,0.0,0.0,0.0,0.6203235810515048,0.0,0.6203235810515048,0.6203235810515048,0.14674614139356784,0.0,0.14674614139356784,0.14674614139356784,0.31939623498204245,0.0,0.31939623498204245,0.31939623498204245,0.6257200959061648,0.0,0.6257200959061648,0.6257200959061648,0.5515891565560468,0.0,0.5515891565560468,0.5515891565560468,0.9454666891559054,0.0,0.9454666891559054,0.9454666891559054,0.5473282502778423,0.0,0.5473282502778423,0.5473282502778423
157.0,0.0,157.0,157.0,0.0,0.0,0.0,0.0,157.0,0.0,157.0,157.0,0.0,0.0,0.0,0.0,0.5330868935325567,0.0,0.5330868935325567,0.5330868935325567,0.37047493635044215,0.0,0.37047493635044215,0.37047493635044215,0.3373219086810718,0.0,0.3373219086810718,0.3373219086810718,0.6093290884155573,0.0,0.6093290884155573,0.6093290884155573,0.5443503617942923,0.0,0.5443503617942923,0.5443503617942923,0.9061879848717587,0.0,0.9061879848717587,0.9061879848717587,0.5275738504543077,0.0,0.5275738504543077,0.5275738504543077
157.0,0.0,157.0,157.0,0.0,0.0,0.0,0.0,157.0,0.0,157.0,157.0,0.0,0.0,0.0,0.0,0.5518896019435898,0.0,0.5518896019435898,0.5518896019435898,0.3302553466190544,0.0,0.3302553466190544,0.3302553466190544,0.33297907866459814,0.0,0.33297907866459814,0.33297907866459814,0.6145412642403505,0.0,0.6145412642403505,0.6145412642403505,0.5498117149895234,0.0,0.5498117149895234,0.5498117149895234,0.9220563357510235,0.0,0.9220563357510235,0.9220563357510235,0.5417475171839191,0.0,0.5417475171839191,0.5417475171839191
157.0,0.0,157.0,157.0,0.0,0.0,0.0,0.0,157.0,0.0,157.0,157.0,0.0,0.0,0.0,0.0,0.4998547993861601,0.0,0.4998547993861601,0.4998547993861601,0.3548191321475124,0.0,0.3548191321475124,0.3548191321475124,0.359471704866869,0.0,0.359471704866869,0.359471704866869,0.6082243194984768,0.0,0.6082243194984768,0.6082243194984768,0.547064986063925,0.0,0.547064986063925,0.547064986063925,0.9119830272924055,1.2412670766236366e-16,0.9119830272924054,0.9119830272924054,0.5362346331515362,0.0,0.5362346331515362,0.5362346331515362
157.0,0.0,157.0,157.0,0.0,0.0,0.0,0.0,157.0,0.0,157.0,157.0,0.0,0.0,0.0,0.0,0.5040661834290492,0.0,0.5040661834290492,0.5040661834290492,0.35247716074047153,0.0,0.35247716074047153,0.35247716074047153,0.35758254810518764,0.0,0.35758254810518764,0.35758254810518764,0.608844732676086,0.0,0.608844732676086,0.608844732676086,0.5480089886616105,0.0,0.5480089886616105,0.5480089886616105,0.9132640704164812,0.0,0.9132640704164812,0.9132640704164812,0.5393908503401537,0.0,0.5393908503401537,0.5393908503401537
96.0,0.0,96.0,96.0,1.0,0.0,1.0,1.0,128.0,0.0,128.0,128.0,28.0,0.0,28.0,28.0,0.01639461509595481,0.0,0.01639461509595481,0.01639461509595481,0.9004079915872312,1.2412670766236366e-16,0.9004079915872313,0.9004079915872313,1.3356593085172037,0.0,1.3356593085172037,1.3356593085172037,0.465962392843429,0.0,0.465962392843429,0.465962392843429,0.33871930797003985,0.0,0.33871930797003985,0.33871930797003985,0.4086177743363554,0.0,0.4086177743363554,0.4086177743363554,0.0,0.0,0.0,0.0
98.0,0.0,98.0,98.0,1.0,0.0,1.0,1.0,130.0,0.0,130.0,130.0,26.0,0.0,26.0,26.0,0.016458330986156643,0.0,0.016458330986156643,0.016458330986156643,0.8964333776031557,0.0,0.8964333776031557,0.8964333776031557,1.323871622710412,0.0,1.323871622710412,1.323871622710412,0.4759990341682815,6.206335383118183e-17,0.47599903416828143,0.47599903416828143,0.3388774281920633,0.0,0.3388774281920633,0.3388774281920633,0.4485603588546828,6.206335383118183e-17,0.4485603588546829,0.4485603588546829,0.0,0.0,0.0,0.0
130.0,0.0,130.0,130.0,0.0,0.0,0.0,0.0,157.0,0.0,157.0,157.0,0.0,0.0,0.0,0.0,0.01646283168496206,0.0,0.01646283168496206,0.01646283168496206,0.8641857468582164,1.2412670766236366e-16,0.8641857468582163,0.8641857468582163,1.2761515949592226,0.0,1.2761515949592226,1.2761515949592226,0.5112514569595147,0.0,0.5112514569595147,0.5112514569595147,0.36553825758141145,0.0,0.36553825758141145,0.36553825758141145,0.598149888896579,0.0,0.598149888896579,0.598149888896579,0.01018514449365176,0.0,0.01018514449365176,0.01018514449365176
157.0,0.0,157.0,157.0,0.0,0.0,0.0,0.0,157.0,0.0,157.0,157.0,0.0,0.0,0.0,0.0,0.01649143725240915,0.0,0.01649143725240915,0.01649143725240915,0.7637992997109451,0.0,0.7637992997109451,0.7637992997109451,1.1591271876332878,0.0,1.1591271876332878,1.1591271876332878,0.590242185552369,0.0,0.590242185552369,0.590242185552369,0.5529151293649408,0.0,0.5529151293649408,0.5529151293649408,0.9595685701539425,1.2412670766236366e-16,0.9595685701539426,0.9595685701539426,0.6627507665858176,0.0,0.6627507665858176,0.6627507665858176
157.0,0.0,157.0,157.0,0.0,0.0,0.0,0.0,157.0,0.0,157.0,157.0,0.0,0.0,0.0,0.0,0.016493094814355996,0.0,0.016493094814355996,0.016493094814355996,0.7636607749404958,0.0,0.7636607749404958,0.7636607749404958,1.15867230621479,0.0,1.15867230621479,1.15867230621479,0.5903075372077762,0.0,0.5903075372077762,0.5903075372077762,0.5529589012118004,0.0,0.5529589012118004,0.5529589012118004,0.9596801691023449,0.0,0.9596801691023449,0.9596801691023449,0.6628312509997478,0.0,0.6628312509997478,0.6628312509997478
157.0,0.0,157.0,157.0,0.0,0.0,0.0,0.0,157.0,0.0,157.0,157.0,0.0,0.0,0.0,0.0,0.017015491765871985,0.0,0.017015491765871985,0.017015491765871985,0.7636646823753571,0.0,0.7636646823753571,0.7636646823753571,1.158685479689993,0.0,1.158685479689993,1.158685479689993,0.5903134248203235,0.0,0.5903134248203235,0.5903134248203235,0.5529576668398244,0.0,0.5529576668398244,0.5529576668398244,0.9597000582744102,0.0,0.9597000582744102,0.9597000582744102,0.6630020680774177,0.0,0.6630020680774177,0.6630020680774177
157.0,0.0,157.0,157.0,0.0,0.0,0.0,0.0,157.0,0.0,157.0,157.0,0.0,0.0,0.0,0.0,0.017068235896597086,0.0,0.017068235896597086,0.017068235896597086,0.7636659813548753,0.0,0.7636659813548753,0.7636659813548753,1.1586898611067231,0.0,1.1586898611067231,1.1586898611067231,0.5772175109466651,0.0,0.5772175109466651,0.5772175109466651,0.5365803006849214,0.0,0.5365803006849214,0.5365803006849214,0.9597072108993092,0.0,0.9597072108993092,0.9597072108993092,0.6630652107344809,0.0,0.6630652107344809,0.6630652107344809
86.0,0.0,86.0,86.0,1.0,0.0,1.0,1.0,110.0,0.0,110.0,110.0,46.0,0.0,46.0,46.0,0.01704726346412103,0.0,0.01704726346412103,0.01704726346412103,1.0,0.0,1.0,1.0,2.4216701027979473,0.0,2.4216701027979473,2.4216701027979473,0.45090239228165824,0.0,0.45090239228165824,0.45090239228165824,0.32486316188481473,0.0,0.32486316188481473,0.32486316188481473,0.4393198178215548,6.206335383118183e-17,0.43931981782155477,0.43931981782155477,0.0,0.0,0.0,0.0
86.0,0.0,86.0,86.0,1.0,0.0,1.0,1.0,110.0,0.0,110.0,110.0,46.0,0.0,46.0,46.0,0.017041753572019473,0.0,0.017041753572019473,0.017041753572019473,1.0,0.0,1.0,1.0,2.421950458997482,0.0,2.421950458997482,2.421950458997482,0.4507134595646153,0.0,0.4507134595646153,0.4507134595646153,0.3248628069499021,0.0,0.3248628069499021,0.3248628069499021,0.43850251267069335,6.206335383118183e-17,0.4385025126706934,0.4385025126706934,0.0,0.0,0.0,0.0
86.0,0.0,86.0,86.0,1.0,0.0,1.0,1.0,103.0,0.0,103.0,103.0,53.0,0.0,53.0,53.0,0.017014750143600307,0.0,0.017014750143600307,0.017014750143600307,1.0,0.0,1.0,1.0,2.4220139990113694,0.0,2.4220139990113694,2.4220139990113694,0.4308888385434305,0.0,0.4308888385434305,0.4308888385434305,0.30732366441894576,0.0,0.30732366441894576,0.30732366441894576,0.4384624180480764,6.206335383118183e-17,0.43846241804807645,0.43846241804807645,0.0,0.0,0.0,0.0
86.0,0.0,86.0,86.0,1.0,0.0,1.0,1.0,97.0,0.0,97.0,97.0,59.0,0.0,59.0,59.0,0.01684422294539411,0.0,0.01684422294539411,0.01684422294539411,1.0,0.0,1.0,1.0,2.4224101071028596,0.0,2.4224101071028596,2.4224101071028596,0.4141462046595271,0.0,0.4141462046595271,0.4141462046595271,0.29599226694301417,0.0,0.29599226694301417,0.29599226694301417,0.43821191509205837,6.206335383118183e-17,0.4382119150920584,0.4382119150920584,0.0,0.0,0.0,0.0
157.0,0.0,157.0,157.0,0.0,0.0,0.0,0.0,157.0,0.0,157.0,157.0,0.0,0.0,0.0,0.0,0.6803380619750893,0.0,0.6803380619750893,0.6803380619750893,0.16977055035309513,0.0,0.16977055035309513,0.16977055035309513,0.3385578335749253,0.0,0.3385578335749253,0.3385578335749253,0.6143421297992513,0.0,0.6143421297992513,0.6143421297992513,0.5931214783069578,0.0,0.5931214783069578,0.5931214783069578,0.9876111638379698,0.0,0.9876111638379698,0.9876111638379698,0.6365781914480244,0.0,0.6365781914480244,0.6365781914480244
157.0,0.0,157.0,157.0,0.0,0.0,0.0,0.0,157.0,0.0,157.0,157.0,0.0,0.0,0.0,0.0,0.6695966986086105,0.0,0.6695966986086105,0.6695966986086105,0.16977850831080665,0.0,0.16977850831080665,0.16977850831080665,0.33888450591666464,0.0,0.33888450591666464,0.33888450591666464,0.613692863205597,0.0,0.613692863205597,0.613692863205597,0.591825256074808,0.0,0.591825256074808,0.591825256074808,0.9868096228822006,0.0,0.9868096228822006,0.9868096228822006,0.6349987017669025,0.0,0.6349987017669025,0.6349987017669025
157.0,0.0,157.0,157.0,0.0,0.0,0.0,0.0,157.0,0.0,157.0,157.0,0.0,0.0,0.0,0.0,0.666495499453081,0.0,0.666495499453081,0.666495499453081,0.16977850831080665,0.0,0.16977850831080665,0.16977850831080665,0.33895121042905507,0.0,0.33895121042905507,0.33895121042905507,0.5630241320984997,0.0,0.5630241320984997,0.5630241320984997,0.5228236043001977,0.0,0.5228236043001977,0.5228236043001977,0.9867800741894465,0.0,0.9867800741894465,0.9867800741894465,0.6348491055611134,0.0,0.6348491055611134,0.6348491055611134
157.0,0.0,157.0,157.0,0.0,0.0,0.0,0.0,157.0,0.0,157.0,157.0,0.0,0.0,0.0,0.0,0.666200210644096,0.0,0.666200210644096,0.666200210644096,0.1710884237315834,0.0,0.1710884237315834,0.1710884237315834,0.33902886431538964,0.0,0.33902886431538964,0.33902886431538964,0.5629373848372072,0.0,0.5629373848372072,0.5629373848372072,0.5227403491059394,0.0,0.5227403491059394,0.5227403491059394,0.9867326907813452,0.0,0.9867326907813452,0.9867326907813452,0.6347874528298149,0.0,0.6347874528298149,0.6347874528298149
157.0,0.0,157.0,157.0,0.0,0.0,0.0,0.0,157.0,0.0,157.0,157.0,0.0,0.0,0.0,0.0,0.6662066053888209,0.0,0.6662066053888209,0.6662066053888209,0.1710884237315834,0.0,0.1710884237315834,0.1710884237315834,0.33902851804015766,0.0,0.33902851804015766,0.33902851804015766,0.5630558404558149,0.0,0.5630558404558149,0.5630558404558149,0.5232025825802563,0.0,0.5232025825802563,0.5232025825802563,0.9873400487847357,0.0,0.9873400487847357,0.9873400487847357,0.6380320514091784,0.0,0.6380320514091784,0.6380320514091784
157.0,0.0,157.0,157.0,0.0,0.0,0.0,0.0,157.0,0.0,157.0,157.0,0.0,0.0,0.0,0.0,0.08569512333649457,0.0,0.08569512333649457,0.08569512333649457,0.2239039935005976,3.1031676915590914e-17,0.22390399350059756,0.22390399350059756,0.4824208807682392,6.206335383118183e-17,0.48242088076823914,0.48242088076823914,0.5263657846006791,0.0,0.5263657846006791,0.5263657846006791,0.5104459901556554,0.0,0.5104459901556554,0.5104459901556554,0.9872752942586194,1.2412670766236366e-16,0.9872752942586195,0.9872752942586195,0.6378650481140758,0.0,0.6378650481140758,0.6378650481140758
157.0,0.0,157.0,157.0,0.0,0.0,0.0,0.0,157.0,0.0,157.0,157.0,0.0,0.0,0.0,0.0,0.0230969320662426,0.0,0.0230969320662426,0.0230969320662426,0.2809399733093519,0.0,0.2809399733093519,0.2809399733093519,0.6242162783102093,0.0,0.6242162783102093,0.6242162783102093,0.5093474409929177,0.0,0.5093474409929177,0.5093474409929177,0.5010075416605866,0.0,0.5010075416605866,0.5010075416605866,0.9867018192298271,0.0,0.9867018192298271,0.9867018192298271,0.6355038786635094,0.0,0.6355038786635094,0.6355038786635094
157.0,0.0,157.0,157.0,0.0,0.0,0.0,0.0,157.0,0.0,157.0,157.0,0.0,0.0,0.0,0.0,0.023097415121744323,0.0,0.023097415121744323,0.023097415121744323,0.2809399733093519,0.0,0.2809399733093519,0.2809399733093519,0.6242160076039344,0.0,0.6242160076039344,0.6242160076039344,0.5094085186195483,0.0,0.5094085186195483,0.5094085186195483,0.501007543619914,0.0,0.501007543619914,0.501007543619914,0.9870296784062342,1.2412670766236366e-16,0.9870296784062341,0.9870296784062341,0.6407224161772749,0.0,0.6407224161772749,0.6407224161772749
157.0,0.0,157.0,157.0,0.0,0.0,0.0,0.0,157.0,0.0,157.0,157.0,0.0,0.0,0.0,0.0,0.023107416311471514,0.0,0.023107416311471514,0.023107416311471514,0.2809399733093519,0.0,0.2809399733093519,0.2809399733093519,0.6242107301831731,0.0,0.6242107301831731,0.6242107301831731,0.5107351231208519,0.0,0.5107351231208519,0.5107351231208519,0.5010075853718283,0.0,0.5010075853718283,0.5010075853718283,0.9941457266833515,0.0,0.9941457266833515,0.9941457266833515,0.68019432018176,0.0,0.68019432018176,0.68019432018176
157.0,0.0,157.0,157.0,0.0,0.0,0.0,0.0,157.0,0.0,157.0,157.0,0.0,0.0,0.0,0.0,0.02253135629048341,0.0,0.02253135629048341,0.02253135629048341,0.30489367756294705,0.0,0.30489367756294705,0.30489367756294705,0.6811793739512886,0.0,0.6811793739512886,0.6811793739512886,0.5005208435206524,0.0,0.5005208435206524,0.5005208435206524,0.4881956692328684,0.0,0.4881956692328684,0.4881956692328684,0.9940446973824659,1.2412670766236366e-16,0.994044697382466,0.994044697382466,0.6789285974172126,0.0,0.6789285974172126,0.6789285974172126
157.0,0.0,157.0,157.0,0.0,0.0,0.0,0.0,157.0,0.0,157.0,157.0,0.0,0.0,0.0,0.0,0.022520702805966658,0.0,0.022520702805966658,0.022520702805966658,0.31415917658932485,0.0,0.31415917658932485,0.31415917658932485,0.7048557098218138,0.0,0.7048557098218138,0.7048557098218138,0.4972914111046373,0.0,0.4972914111046373,0.4972914111046373,0.4827161090020774,6.206335383118183e-17,0.48271610900207745,0.48271610900207745,0.9940366633969384,0.0,0.9940366633969384,0.9940366633969384,0.6787050306180551,0.0,0.6787050306180551,0.6787050306180551
157.0,0.0,157.0,157.0,0.0,0.0,0.0,0.0,157.0,0.0,157.0,157.0,0.0,0.0,0.0,0.0,0.022514014940704336,0.0,0.022514014940704336,0.022514014940704336,0.31415917658932485,0.0,0.31415917658932485,0.31415917658932485,0.7048591706573407,0.0,0.7048591706573407,0.7048591706573407,0.49641239930401015,0.0,0.49641239930401015,0.49641239930401015,0.4827160904988651,0.0,0.4827160904988651,0.4827160904988651,0.9892450276249531,0.0,0.9892450276249531,0.9892450276249531,0.6551445995413976,0.0,0.6551445995413976,0.6551445995413976
157.0,0.0,157.0,157.0,0.0,0.0,0.0,0.0,157.0,0.0,157.0,157.0,0.0,0.0,0.0,0.0,0.022288681053039276,0.0,0.022288681053039276,0.022288681053039276,0.31494608171396854,0.0,0.31494608171396854,0.31494608171396854,0.7071303113647488,0.0,0.7071303113647488,0.7071303113647488,0.49586572971488,6.206335383118183e-17,0.4958657297148801,0.4958657297148801,0.4822650135915921,0.0,0.4822650135915921,0.4822650135915921,0.9890854657246549,0.0,0.9890854657246549,0.9890854657246549,0.654597961127363,0.0,0.654597961127363,0.654597961127363
157.0,0.0,157.0,157.0,0.0,0.0,0.0,0.0,157.0,0.0,157.0,157.0,0.0,0.0,0.0,0.0,0.007062335237560646,9.69739903612216e-19,0.007062335237560647,0.007062335237560647,0.31494608171396854,0.0,0.31494608171396854,0.31494608171396854,0.7071085715363974,0.0,0.7071085715363974,0.7071085715363974,0.4957736154637045,0.0,0.4957736154637045,0.4957736154637045,0.4822650115055723,0.0,0.4822650115055723,0.4822650115055723,0.9888790346145445,1.2412670766236366e-16,0.9888790346145444,0.9888790346145444,0.6527344091538554,0.0,0.6527344091538554,0.6527344091538554
73.0,0.0,73.0,73.0,1.0,0.0,1.0,1.0,73.0,0.0,73.0,73.0,83.0,0.0,83.0,83.0,0.007062254301378175,0.0,0.007062254301378175,0.007062254301378175,1.0,0.0,1.0,1.0,2.468431974907497,0.0,2.468431974907497,2.468431974907497,0.3629909425787056,0.0,0.3629909425787056,0.3629909425787056,0.26356107329726636,0.0,0.26356107329726636,0.26356107329726636,0.3777272121429967,0.0,0.3777272121429967,0.3777272121429967,0.0,0.0,0.0,0.0
73.0,0.0,73.0,73.0,1.0,0.0,1.0,1.0,73.0,0.0,73.0,73.0,83.0,0.0,83.0,83.0,0.00724349927221573,0.0,0.00724349927221573,0.00724349927221573,1.0,0.0,1.0,1.0,2.468284382720121,0.0,2.468284382720121,2.468284382720121,0.36301891116698687,0.0,0.36301891116698687,0.36301891116698687,0.2635611496292549,0.0,0.2635611496292549,0.2635611496292549,0.37785486752775216,0.0,0.37785486752775216,0.37785486752775216,0.0,0.0,0.0,0.0
73.0,0.0,73.0,73.0,1.0,0.0,1.0,1.0,73.0,0.0,73.0,73.0,83.0,0.0,83.0,83.0,0.007226342812009913,9.69739903612216e-19,0.0072263428120099135,0.0072263428120099135,1.0,0.0,1.0,1.0,2.4782235385160982,0.0,2.4782235385160982,2.4782235385160982,0.3620295015630122,0.0,0.3620295015630122,0.3620295015630122,0.2631829303882894,0.0,0.2631829303882894,0.2631829303882894,0.37523180275718915,0.0,0.37523180275718915,0.37523180275718915,0.0,0.0,0.0,0.0
157.0,0.0,157.0,157.0,0.0,0.0,0.0,0.0,157.0,0.0,157.0,157.0,0.0,0.0,0.0,0.0,0.007226587071061448,0.0,0.007226587071061448,0.007226587071061448,0.12182974330246907,0.0,0.12182974330246907,0.12182974330246907,0.5054792571225352,0.0,0.5054792571225352,0.5054792571225352,0.5085879203072705,0.0,0.5085879203072705,0.5085879203072705,0.5015710404476637,0.0,0.5015710404476637,0.5015710404476637,0.9890437205930211,0.0,0.9890437205930211,0.9890437205930211,0.6541646912827189,0.0,0.6541646912827189,0.6541646912827189
157.0,0.0,157.0,157.0,0.0,0.0,0.0,0.0,157.0,0.0,157.0,157.0,0.0,0.0,0.0,0.0,0.0068203479889884285,9.69739903612216e-19,0.006820347988988429,0.006820347988988429,0.12182974330246907,0.0,0.12182974330246907,0.12182974330246907,0.5054792046311234,0.0,0.5054792046311234,0.5054792046311234,0.5085859296995426,0.0,0.5085859296995426,0.5085859296995426,0.5015710403859236,0.0,0.5015710403859236,0.5015710403859236,0.9890333754441777,1.2412670766236366e-16,0.9890333754441776,0.9890333754441776,0.6540037557603491,0.0,0.6540037557603491,0.6540037557603491
157.0,0.0,157.0,157.0,0.0,0.0,0.0,0.0,157.0,0.0,157.0,157.0,0.0,0.0,0.0,0.0,0.006815077049908061,9.69739903612216e-19,0.0068150770499080604,0.0068150770499080604,0.12182974330246907,0.0,0.12182974330246907,0.12182974330246907,0.5054791883831168,0.0,0.5054791883831168,0.5054791883831168,0.5482516890397892,0.0,0.5482516890397892,0.5482516890397892,0.543616894432916,0.0,0.543616894432916,0.543616894432916,0.9890302029150433,1.2412670766236366e-16,0.9890302029150434,0.9890302029150434,0.6539544038896177,0.0,0.6539544038896177,0.6539544038896177
157.0,0.0,157.0,157.0,0.0,0.0,0.0,0.0,157.0,0.0,157.0,157.0,0.0,0.0,0.0,0.0,0.006815038824627981,0.0,0.006815038824627981,0.006815038824627981,0.12200544955044981,0.0,0.12200544955044981,0.12200544955044981,0.5054790645467783,0.0,0.5054790645467783,0.5054790645467783,0.5431388738559891,0.0,0.5431388738559891,0.5431388738559891,0.5361823814061539,0.0,0.5361823814061539,0.5361823814061539,0.9637056321713209,0.0,0.9637056321713209,0.9637056321713209,0.6529854603991047,0.0,0.6529854603991047,0.6529854603991047
157.0,0.0,157.0,157.0,0.0,0.0,0.0,0.0,157.0,0.0,157.0,157.0,0.0,0.0,0.0,0.0,0.00681368570823328,9.69739903612216e-19,0.006813685708233281,0.006813685708233281,0.12200544955044981,0.0,0.12200544955044981,0.12200544955044981,0.5054790594879237,0.0,0.5054790594879237,0.5054790594879237,0.5430748607874216,0.0,0.5430748607874216,0.5430748607874216,0.5361823856949003,0.0,0.5361823856949003,0.5361823856949003,0.9637044108229862,0.0,0.9637044108229862,0.9637044108229862,0.6529708476761261,0.0,0.6529708476761261,0.6529708476761261
81.0,0.0,81.0,81.0,1.0,0.0,1.0,1.0,102.0,0.0,102.0,102.0,54.0,0.0,54.0,54.0,0.007962767552233626,0.0,0.007962767552233626,0.007962767552233626,1.0,0.0,1.0,1.0,2.387360649912224,0.0,2.387360649912224,2.387360649912224,0.43884612302249615,6.206335383118183e-17,0.4388461230224961,0.4388461230224961,0.3204330136212374,0.0,0.3204330136212374,0.3204330136212374,0.3997571294684682,0.0,0.3997571294684682,0.3997571294684682,0.0,0.0,0.0,0.0
81.0,0.0,81.0,81.0,1.0,0.0,1.0,1.0,105.0,0.0,105.0,105.0,51.0,0.0,51.0,51.0,0.007958304341208144,0.0,0.007958304341208144,0.007958304341208144,1.0,0.0,1.0,1.0,2.3873857842207116,0.0,2.3873857842207116,2.3873857842207116,0.4481983381140452,0.0,0.4481983381140452,0.4481983381140452,0.33157217046538745,0.0,0.33157217046538745,0.33157217046538745,0.39971160357719127,0.0,0.39971160357719127,0.39971160357719127,0.0,0.0,0.0,0.0
82.0,0.0,82.0,82.0,1.0,0.0,1.0,1.0,105.0,0.0,105.0,105.0,51.0,0.0,51.0,51.0,0.007958389159818308,0.0,0.007958389159818308,0.007958389159818308,1.0,0.0,1.0,1.0,2.384236556524211,0.0,2.384236556524211,2.384236556524211,0.4492104196887713,6.206335383118183e-17,0.44921041968877123,0.44921041968877123,0.3315733943691148,0.0,0.3315733943691148,0.3315733943691148,0.4035675939795539,6.206335383118183e-17,0.40356759397955383,0.40356759397955383,0.0,0.0,0.0,0.0
82.0,0.0,82.0,82.0,1.0,0.0,1.0,1.0,105.0,0.0,105.0,105.0,51.0,0.0,51.0,51.0,0.007958527015083003,0.0,0.007958527015083003,0.007958527015083003,1.0,0.0,1.0,1.0,2.3840703740547076,0.0,2.3840703740547076,2.3840703740547076,0.4494971647826652,6.206335383118183e-17,0.44949716478266527,0.44949716478266527,0.3315736003628602,0.0,0.3315736003628602,0.3315736003628602,0.4047726275467512,0.0,0.4047726275467512,0.4047726275467512,0.0,0.0,0.0,0.0
82.0,0.0,82.0,82.0,1.0,0.0,1.0,1.0,105.0,0.0,105.0,105.0,51.0,0.0,51.0,51.0,0.007500451278660258,0.0,0.007500451278660258,0.007500451278660258,1.0,0.0,1.0,1.0,2.3844329355896843,0.0,2.3844329355896843,2.3844329355896843,0.4493543878331299,0.0,0.4493543878331299,0.4493543878331299,0.3315734402731977,0.0,0.3315734402731977,0.3315734402731977,0.404215213957154,0.0,0.404215213957154,0.404215213957154,0.0,0.0,0.0,0.0
82.0,0.0,82.0,82.0,1.0,0.0,1.0,1.0,101.0,0.0,101.0,101.0,55.0,0.0,55.0,55.0,0.007495342180710145,0.0,0.007495342180710145,0.007495342180710145,1.0,0.0,1.0,1.0,2.384508410387501,0.0,2.384508410387501,2.384508410387501,0.4346233394230164,0.0,0.4346233394230164,0.4346233394230164,0.3212580812583461,0.0,0.3212580812583461,0.3212580812583461,0.4040881259766554,0.0,0.4040881259766554,0.4040881259766554,0.0,0.0,0.0,0.0
82.0,0.0,82.0,82.0,1.0,0.0,1.0,1.0,116.0,0.0,116.0,116.0,40.0,0.0,40.0,40.0,0.007496601799786395,0.0,0.007496601799786395,0.007496601799786395,1.0,0.0,1.0,1.0,2.3844898110792165,0.0,2.3844898110792165,2.3844898110792165,0.4605697172155773,0.0,0.4605697172155773,0.4605697172155773,0.3450365524137738,0.0,0.3450365524137738,0.3450365524137738,0.40411947750307886,0.0,0.40411947750307886,0.40411947750307886,0.0,0.0,0.0,0.0
40.0,0.0,40.0,40.0,1.0,0.0,1.0,1.0,67.0,0.0,67.0,67.0,89.0,0.0,89.0,89.0,0.007496461630952747,0.0,0.007496461630952747,0.007496461630952747,1.0,0.0,1.0,1.0,2.3909179912560647,0.0,2.3909179912560647,2.3909179912560647,0.40428201359164306,0.0,0.40428201359164306,0.40428201359164306,0.3450092298560186,0.0,0.3450092298560186,0.3450092298560186,0.17197185643651755,0.0,0.17197185643651755,0.17197185643651755,0.0,0.0,0.0,0.0
40.0,0.0,40.0,40.0,1.0,0.0,1.0,1.0,67.0,0.0,67.0,67.0,89.0,0.0,89.0,89.0,0.007808558152050641,0.0,0.007808558152050641,0.007808558152050641,1.0,0.0,1.0,1.0,2.389710266596806,0.0,2.389710266596806,2.389710266596806,0.4047586257195914,0.0,0.4047586257195914,0.4047586257195914,0.3450092308222538,0.0,0.3450092308222538,0.3450092308222538,0.1738644506148061,0.0,0.1738644506148061,0.1738644506148061,0.0,0.0,0.0,0.0
41.0,0.0,41.0,41.0,1.0,0.0,1.0,1.0,70.0,0.0,70.0,70.0,86.0,0.0,86.0,86.0,0.007952605617558344,0.0,0.007952605617558344,0.007952605617558344,1.0,0.0,1.0,1.0,2.34937794750318,0.0,2.34937794750318,2.34937794750318,0.4068294882262258,0.0,0.4068294882262258,0.4068294882262258,0.3458876389092244,0.0,0.3458876389092244,0.3458876389092244,0.17814122670468832,0.0,0.17814122670468832,0.17814122670468832,0.0,0.0,0.0,0.0
41.0,0.0,41.0,41.0,1.0,0.0,1.0,1.0,70.0,0.0,70.0,70.0,86.0,0.0,86.0,86.0,0.008018245641304352,0.0,0.008018245641304352,0.008018245641304352,1.0,0.0,1.0,1.0,2.3490693854516023,0.0,2.3490693854516023,2.3490693854516023,0.40693086082148106,0.0,0.40693086082148106,0.40693086082148106,0.345887639133301,0.0,0.345887639133301,0.345887639133301,0.17853659424285376,0.0,0.17853659424285376,0.17853659424285376,0.0,0.0,0.0,0.0
33.0,0.0,33.0,33.0,1.0,0.0,1.0,1.0,62.0,0.0,62.0,62.0,94.0,0.0,94.0,94.0,0.008017646178064402,0.0,0.008017646178064402,0.008017646178064402,1.0,0.0,1.0,1.0,2.3546658677181713,0.0,2.3546658677181713,2.3546658677181713,0.3934455476831952,0.0,0.3934455476831952,0.3934455476831952,0.34588760465733415,0.0,0.34588760465733415,0.34588760465733415,0.12318081340943096,0.0,0.12318081340943096,0.12318081340943096,0.0,0.0,0.0,0.0
33.0,0.0,33.0,33.0,1.0,0.0,1.0,1.0,62.0,0.0,62.0,62.0,94.0,0.0,94.0,94.0,0.007555126114688153,0.0,0.007555126114688153,0.007555126114688153,1.0,0.0,1.0,1.0,2.3550150747139025,0.0,2.3550150747139025,2.3550150747139025,0.39335398391561505,0.0,0.39335398391561505,0.39335398391561505,0.34588760452785916,0.0,0.34588760452785916,0.34588760452785916,0.1228158679343639,0.0,0.1228158679343639,0.1228158679343639,0.0,0.0,0.0,0.0
157.0,0.0,157.0,157.0,0.0,0.0,0.0,0.0,157.0,0.0,157.0,157.0,0.0,0.0,0.0,0.0,0.007556013439281547,9.69739903612216e-19,0.007556013439281548,0.007556013439281548,0.5223598194224186,0.0,0.5223598194224186,0.5223598194224186,0.8339153265439696,1.2412670766236366e-16,0.8339153265439697,0.8339153265439697,0.5411918519490347,0.0,0.5411918519490347,0.5411918519490347,0.47850432735055204,0.0,0.47850432735055204,0.47850432735055204,0.7246619837656857,0.0,0.7246619837656857,0.7246619837656857,0.4953910679882193,6.206335383118183e-17,0.49539106798821925,0.49539106798821925
157.0,0.0,157.0,157.0,0.0,0.0,0.0,0.0,157.0,0.0,157.0,157.0,0.0,0.0,0.0,0.0,0.007555879353743367,0.0,0.007555879353743367,0.007555879353743367,0.5334635046453112,0.0,0.5334635046453112,0.5334635046453112,0.8569102566049948,0.0,0.8569102566049948,0.8569102566049948,0.5283750880719302,0.0,0.5283750880719302,0.5283750880719302,0.4708105969944924,6.206335383118183e-17,0.47081059699449246,0.47081059699449246,0.6726153963993454,0.0,0.6726153963993454,0.6726153963993454,0.4662552989251111,6.206335383118183e-17,0.46625529892511114,0.46625529892511114
157.0,0.0,157.0,157.0,0.0,0.0,0.0,0.0,157.0,0.0,157.0,157.0,0.0,0.0,0.0,0.0,0.08232239696722224,0.0,0.08232239696722224,0.08232239696722224,0.3635098222494267,0.0,0.3635098222494267,0.3635098222494267,0.487778148378564,6.206335383118183e-17,0.4877781483785639,0.4877781483785639,0.5804195085754801,0.0,0.5804195085754801,0.5804195085754801,0.5476213728780557,0.0,0.5476213728780557,0.5476213728780557,0.8521698425839128,0.0,0.8521698425839128,0.8521698425839128,0.602337455460139,0.0,0.602337455460139,0.602337455460139
157.0,0.0,157.0,157.0,0.0,0.0,0.0,0.0,157.0,0.0,157.0,157.0,0.0,0.0,0.0,0.0,0.084687287617766,0.0,0.084687287617766,0.084687287617766,0.3597261760037823,0.0,0.3597261760037823,0.3597261760037823,0.48261973356088383,6.206335383118183e-17,0.4826197335608838,0.4826197335608838,0.589444029932711,0.0,0.589444029932711,0.589444029932711,0.5745631426877122,0.0,0.5745631426877122,0.5745631426877122,0.8883398273371773,0.0,0.8883398273371773,0.8883398273371773,0.6509473976163996,0.0,0.6509473976163996,0.6509473976163996
24.0,0.0,24.0,24.0,1.0,0.0,1.0,1.0,56.0,0.0,56.0,56.0,50.0,0.0,50.0,50.0,0.007946520904209482,0.0,0.007946520904209482,0.007946520904209482,1.0,0.0,1.0,1.0,2.353519324229665,0.0,2.353519324229665,2.353519324229665,0.39082882451747136,0.0,0.39082882451747136,0.39082882451747136,0.3482869722848939,0.0,0.3482869722848939,0.3482869722848939,0.10423366588333711,1.5515838457795457e-17,0.1042336658833371,0.1042336658833371,0.0,0.0,0.0,0.0
24.0,0.0,24.0,24.0,1.0,0.0,1.0,1.0,55.0,0.0,55.0,55.0,53.0,0.0,53.0,53.0,0.007839272979622872,0.0,0.007839272979622872,0.007839272979622872,1.0,0.0,1.0,1.0,2.3597596654284674,0.0,2.3597596654284674,2.3597596654284674,0.3904226031043033,0.0,0.3904226031043033,0.3904226031043033,0.3481779508030288,0.0,0.3481779508030288,0.3481779508030288,0.10320696280887434,1.5515838457795457e-17,0.10320696280887433,0.10320696280887433,0.0,0.0,0.0,0.0
25.0,0.0,25.0,25.0,1.0,0.0,1.0,1.0,57.0,0.0,57.0,57.0,51.0,0.0,51.0,51.0,0.023316997086061927,0.0,0.023316997086061927,0.023316997086061927,1.0,0.0,1.0,1.0,2.3549950210452386,0.0,2.3549950210452386,2.3549950210452386,0.39276082556193653,0.0,0.39276082556193653,0.39276082556193653,0.34825314768462445,0.0,0.34825314768462445,0.34825314768462445,0.11255420435430608,0.0,0.11255420435430608,0.11255420435430608,0.0,0.0,0.0,0.0
25.0,0.0,25.0,25.0,1.0,0.0,1.0,1.0,54.0,0.0,54.0,54.0,102.0,0.0,102.0,102.0,0.021576389092485784,0.0,0.021576389092485784,0.021576389092485784,1.0,0.0,1.0,1.0,2.450832394072874,0.0,2.450832394072874,2.450832394072874,0.3896068944270148,0.0,0.3896068944270148,0.3896068944270148,0.34666114607928705,0.0,0.34666114607928705,0.34666114607928705,0.10792227563632006,0.0,0.10792227563632006,0.10792227563632006,0.0,0.0,0.0,0.0
24.0,0.0,24.0,24.0,1.0,0.0,1.0,1.0,51.0,0.0,51.0,51.0,105.0,0.0,105.0,105.0,0.021341352519270485,0.0,0.021341352519270485,0.021341352519270485,1.0,0.0,1.0,1.0,2.5135443728862885,0.0,2.5135443728862885,2.5135443728862885,0.3875168307754988,0.0,0.3875168307754988,0.3875168307754988,0.3451770269886458,0.0,0.3451770269886458,0.3451770269886458,0.10551993149580596,0.0,0.10551993149580596,0.10551993149580596,0.0,0.0,0.0,0.0
157.0,0.0,157.0,157.0,0.0,0.0,0.0,0.0,157.0,0.0,157.0,157.0,0.0,0.0,0.0,0.0,0.02085926106777601,0.0,0.02085926106777601,0.02085926106777601,0.3070539271865548,0.0,0.3070539271865548,0.3070539271865548,0.6598124039118478,0.0,0.6598124039118478,0.6598124039118478,0.5116366210521394,0.0,0.5116366210521394,0.5116366210521394,0.47956132073965047,0.0,0.47956132073965047,0.47956132073965047,0.8542772893456471,0.0,0.8542772893456471,0.8542772893456471,0.7194986860446714,0.0,0.7194986860446714,0.7194986860446714
157.0,0.0,157.0,157.0,0.0,0.0,0.0,0.0,157.0,0.0,157.0,157.0,0.0,0.0,0.0,0.0,0.020117008636638938,0.0,0.020117008636638938,0.020117008636638938,0.30705320579669204,0.0,0.30705320579669204,0.30705320579669204,0.6598111278986597,0.0,0.6598111278986597,0.6598111278986597,0.5116348212703496,0.0,0.5116348212703496,0.5116348212703496,0.47956175909413795,6.206335383118183e-17,0.4795617590941379,0.4795617590941379,0.8542736037709153,0.0,0.8542736037709153,0.8542736037709153,0.7193220960733212,0.0,0.7193220960733212,0.7193220960733212
157.0,0.0,157.0,157.0,0.0,0.0,0.0,0.0,157.0,0.0,157.0,157.0,0.0,0.0,0.0,0.0,0.020118948748657772,0.0,0.020118948748657772,0.020118948748657772,0.3033704980453271,0.0,0.3033704980453271,0.3033704980453271,0.6574448597333126,0.0,0.6574448597333126,0.6574448597333126,0.5198728703143285,0.0,0.5198728703143285,0.5198728703143285,0.49396635031140257,0.0,0.49396635031140257,0.49396635031140257,0.8945272950280062,0.0,0.8945272950280062,0.8945272950280062,0.7223066153211093,0.0,0.7223066153211093,0.7223066153211093
157.0,0.0,157.0,157.0,0.0,0.0,0.0,0.0,157.0,0.0,157.0,157.0,0.0,0.0,0.0,0.0,0.020127311004768427,0.0,0.020127311004768427,0.020127311004768427,0.29843161116269873,0.0,0.29843161116269873,0.29843161116269873,0.65400130844815,0.0,0.65400130844815,0.65400130844815,0.5317928962020408,0.0,0.5317928962020408,0.5317928962020408,0.5115251963462947,0.0,0.5115251963462947,0.5115251963462947,0.9518160648727001,0.0,0.9518160648727001,0.9518160648727001,0.7333501645566167,0.0,0.7333501645566167,0.7333501645566167
157.0,0.0,157.0,157.0,0.0,0.0,0.0,0.0,157.0,0.0,157.0,157.0,0.0,0.0,0.0,0.0,0.020129502761621627,0.0,0.020129502761621627,0.020129502761621627,0.2984317978968789,0.0,0.2984317978968789,0.2984317978968789,0.6540016502695513,0.0,0.6540016502695513,0.6540016502695513,0.5072845808102472,0.0,0.5072845808102472,0.5072845808102472,0.4830065060802502,0.0,0.4830065060802502,0.4830065060802502,0.9518173192277143,0.0,0.9518173192277143,0.9518173192277143,0.7334122318927668,0.0,0.7334122318927668,0.7334122318927668
157.0,0.0,157.0,157.0,0.0,0.0,0.0,0.0,157.0,0.0,157.0,157.0,0.0,0.0,0.0,0.0,0.020411327785389333,0.0,0.020411327785389333,0.020411327785389333,0.29761551488557675,0.0,0.29761551488557675,0.29761551488557675,0.6511268405268527,0.0,0.6511268405268527,0.6511268405268527,0.5081065731545411,0.0,0.5081065731545411,0.5081065731545411,0.4837799694741262,6.206335383118183e-17,0.48377996947412627,0.48377996947412627,0.9525892974899582,0.0,0.9525892974899582,0.9525892974899582,0.7342165256604842,0.0,0.7342165256604842,0.7342165256604842
89.0,0.0,89.0,89.0,1.0,0.0,1.0,1.0,61.0,0.0,61.0,61.0,95.0,0.0,95.0,95.0,0.02034703649849377,0.0,0.02034703649849377,0.02034703649849377,1.0,0.0,1.0,1.0,2.451457999600182,0.0,2.451457999600182,2.451457999600182,0.36061812922362735,0.0,0.36061812922362735,0.36061812922362735,0.26393322292883675,0.0,0.26393322292883675,0.26393322292883675,0.4445780170400912,6.206335383118183e-17,0.44457801704009126,0.44457801704009126,0.017311384380733506,0.0,0.017311384380733506,0.017311384380733506
90.0,0.0,90.0,90.0,1.0,0.0,1.0,1.0,61.0,0.0,61.0,61.0,95.0,0.0,95.0,95.0,0.02034264736111641,0.0,0.02034264736111641,0.02034264736111641,1.0,0.0,1.0,1.0,2.454801817933666,0.0,2.454801817933666,2.454801817933666,0.36067133922379113,0.0,0.36067133922379113,0.36067133922379113,0.2646495236276615,0.0,0.2646495236276615,0.2646495236276615,0.4464471326637033,0.0,0.4464471326637033,0.4464471326637033,0.021397560625047336,0.0,0.021397560625047336,0.021397560625047336
81.0,0.0,81.0,81.0,1.0,0.0,1.0,1.0,59.0,0.0,59.0,59.0,97.0,0.0,97.0,97.0,0.020156279499133217,0.0,0.020156279499133217,0.020156279499133217,1.0,0.0,1.0,1.0,2.4965256706357115,0.0,2.4965256706357115,2.4965256706357115,0.35379726235181624,0.0,0.35379726235181624,0.35379726235181624,0.255057435458733,0.0,0.255057435458733,0.255057435458733,0.414681885202744,6.206335383118183e-17,0.41468188520274407,0.41468188520274407,0.0,0.0,0.0,0.0
92.0,0.0,92.0,92.0,1.0,0.0,1.0,1.0,56.0,0.0,56.0,56.0,100.0,0.0,100.0,100.0,0.02009990417785566,0.0,0.02009990417785566,0.02009990417785566,1.0,0.0,1.0,1.0,2.603029707996678,0.0,2.603029707996678,2.603029707996678,0.35077510431813297,0.0,0.35077510431813297,0.35077510431813297,0.2597942239327681,0.0,0.2597942239327681,0.2597942239327681,0.4243063384776226,6.206335383118183e-17,0.42430633847762267,0.42430633847762267,0.0,0.0,0.0,0.0
88.0,0.0,88.0,88.0,1.0,0.0,1.0,1.0,54.0,0.0,54.0,54.0,102.0,0.0,102.0,102.0,0.019065625798295103,0.0,0.019065625798295103,0.019065625798295103,1.0,0.0,1.0,1.0,2.6028896505670067,0.0,2.6028896505670067,2.6028896505670067,0.348260642429299,0.0,0.348260642429299,0.348260642429299,0.2571360819433923,0.0,0.2571360819433923,0.2571360819433923,0.40957806664405466,0.0,0.40957806664405466,0.40957806664405466,0.0,0.0,0.0,0.0
88.0,0.0,88.0,88.0,1.0,0.0,1.0,1.0,54.0,0.0,54.0,54.0,102.0,0.0,102.0,102.0,0.01906418209288215,0.0,0.01906418209288215,0.01906418209288215,1.0,0.0,1.0,1.0,2.60291265100569,0.0,2.60291265100569,2.60291265100569,0.3482452513258571,0.0,0.3482452513258571,0.3482452513258571,0.25713967010551236,0.0,0.25713967010551236,0.25713967010551236,0.40949013538881285,6.206335383118183e-17,0.4094901353888129,0.4094901353888129,0.0,0.0,0.0,0.0
89.0,0.0,89.0,89.0,1.0,0.0,1.0,1.0,55.0,0.0,55.0,55.0,101.0,0.0,101.0,101.0,0.006957518591142446,0.0,0.006957518591142446,0.006957518591142446,1.0,0.0,1.0,1.0,2.599857516397381,0.0,2.599857516397381,2.599857516397381,0.34845729962917854,0.0,0.34845729962917854,0.34845729962917854,0.2575670237809905,0.0,0.2575670237809905,0.2575670237809905,0.4118004711783364,0.0,0.4118004711783364,0.4118004711783364,0.0,0.0,0.0,0.0
89.0,0.0,89.0,89.0,1.0,0.0,1.0,1.0,88.0,0.0,88.0,88.0,68.0,0.0,68.0,68.0,0.0069619274609785484,9.69739903612216e-19,0.006961927460978548,0.006961927460978548,1.0,0.0,1.0,1.0,2.599862846807824,0.0,2.599862846807824,2.599862846807824,0.38454000405618555,0.0,0.38454000405618555,0.38454000405618555,0.28842083557762727,0.0,0.28842083557762727,0.28842083557762727,0.41178973706212607,6.206335383118183e-17,0.4117897370621261,0.4117897370621261,0.0,0.0,0.0,0.0
88.0,0.0,88.0,88.0,1.0,0.0,1.0,1.0,88.0,0.0,88.0,88.0,68.0,0.0,68.0,68.0,0.006934275190118562,0.0,0.006934275190118562,0.006934275190118562,1.0,0.0,1.0,1.0,2.5998628440579594,0.0,2.5998628440579594,2.5998628440579594,0.3843039918028078,0.0,0.3843039918028078,0.3843039918028078,0.28819857015049444,0.0,0.28819857015049444,0.28819857015049444,0.4105367626223348,0.0,0.4105367626223348,0.4105367626223348,0.0,0.0,0.0,0.0
89.0,0.0,89.0,89.0,1.0,0.0,1.0,1.0,88.0,0.0,88.0,88.0,68.0,0.0,68.0,68.0,0.0069536532866906215,0.0,0.0069536532866906215,0.0069536532866906215,1.0,0.0,1.0,1.0,2.5998629718887503,0.0,2.5998629718887503,2.5998629718887503,0.38446928215376414,0.0,0.38446928215376414,0.38446928215376414,0.2883491623055204,0.0,0.2883491623055204,0.2883491623055204,0.41141292763716963,0.0,0.41141292763716963,0.41141292763716963,0.0,0.0,0.0,0.0
89.0,0.0,89.0,89.0,1.0,0.0,1.0,1.0,89.0,0.0,89.0,89.0,67.0,0.0,67.0,67.0,0.006988393336419939,0.0,0.006988393336419939,0.006988393336419939,1.0,0.0,1.0,1.0,2.5998617176873036,0.0,2.5998617176873036,2.5998617176873036,0.3847658756938091,0.0,0.3847658756938091,0.3847658756938091,0.2886496868967568,0.0,0.2886496868967568,0.2886496868967568,0.4129929545928098,0.0,0.4129929545928098,0.4129929545928098,0.0,0.0,0.0,0.0
47.0,0.0,47.0,47.0,1.0,0.0,1.0,1.0,53.0,0.0,53.0,53.0,103.0,0.0,103.0,103.0,0.0069866415664273625,0.0,0.0069866415664273625,0.0069866415664273625,1.0,0.0,1.0,1.0,2.6011830965980107,0.0,2.6011830965980107,2.6011830965980107,0.34831390121810885,0.0,0.34831390121810885,0.34831390121810885,0.28280370637681884,0.0,0.28280370637681884,0.28280370637681884,0.22365431051102017,3.1031676915590914e-17,0.22365431051102014,0.22365431051102014,0.0,0.0,0.0,0.0
47.0,0.0,47.0,47.0,1.0,0.0,1.0,1.0,73.0,0.0,73.0,73.0,83.0,0.0,83.0,83.0,0.007012263523399553,0.0,0.007012263523399553,0.007012263523399553,1.0,0.0,1.0,1.0,2.6012246851407492,0.0,2.6012246851407492,2.6012246851407492,0.38584237743671285,0.0,0.38584237743671285,0.38584237743671285,0.31229660254362934,0.0,0.31229660254362934,0.31229660254362934,0.2237703590327183,0.0,0.2237703590327183,0.2237703590327183,0.0,0.0,0.0,0.0
157.0,0.0,157.0,157.0,0.0,0.0,0.0,0.0,157.0,0.0,157.0,157.0,0.0,0.0,0.0,0.0,0.007012332053574387,0.0,0.007012332053574387,0.007012332053574387,1.0,0.0,1.0,1.0,2.61552664077164,0.0,2.61552664077164,2.61552664077164,0.48370459751429634,0.0,0.48370459751429634,0.48370459751429634,0.39946102674666273,0.0,0.39946102674666273,0.39946102674666273,0.7043066258224966,0.0,0.7043066258224966,0.7043066258224966,0.35535489231745593,0.0,0.35535489231745593,0.35535489231745593
157.0,0.0,157.0,157.0,0.0,0.0,0.0,0.0,157.0,0.0,157.0,157.0,0.0,0.0,0.0,0.0,0.00698385974918686,0.0,0.00698385974918686,0.00698385974918686,1.0,0.0,1.0,1.0,2.627838910609376,0.0,2.627838910609376,2.627838910609376,0.4808475115006231,6.206335383118183e-17,0.48084751150062305,0.48084751150062305,0.3941052057410076,0.0,0.3941052057410076,0.3941052057410076,0.6913279481152502,0.0,0.6913279481152502,0.6913279481152502,0.3304676187810594,0.0,0.3304676187810594,0.3304676187810594
157.0,0.0,157.0,157.0,0.0,0.0,0.0,0.0,157.0,0.0,157.0,157.0,0.0,0.0,0.0,0.0,0.007253819392612951,0.0,0.007253819392612951,0.007253819392612951,1.0,0.0,1.0,1.0,2.627883019899566,0.0,2.627883019899566,2.627883019899566,0.4809025055426085,0.0,0.4809025055426085,0.4809025055426085,0.3941626524275988,0.0,0.3941626524275988,0.3941626524275988,0.6915847103718977,0.0,0.6915847103718977,0.6915847103718977,0.33073497453320405,0.0,0.33073497453320405,0.33073497453320405
157.0,0.0,157.0,157.0,0.0,0.0,0.0,0.0,157.0,0.0,157.0,157.0,0.0,0.0,0.0,0.0,0.2781740631808201,0.0,0.2781740631808201,0.2781740631808201,0.48314474806719165,6.206335383118183e-17,0.4831447480671916,0.4831447480671916,0.5000436156352354,0.0,0.5000436156352354,0.5000436156352354,0.5635953270280244,0.0,0.5635953270280244,0.5635953270280244,0.5097266362982728,0.0,0.5097266362982728,0.5097266362982728,0.8592037868452668,1.2412670766236366e-16,0.8592037868452667,0.8592037868452667,0.6439853933992122,0.0,0.6439853933992122,0.6439853933992122
30.0,0.0,30.0,30.0,1.0,0.0,1.0,1.0,42.0,0.0,42.0,42.0,114.0,0.0,114.0,114.0,0.030558252836288203,0.0,0.030558252836288203,0.030558252836288203,1.0,0.0,1.0,1.0,2.0909929271809795,0.0,2.0909929271809795,2.0909929271809795,0.369853283684343,0.0,0.369853283684343,0.369853283684343,0.31700033269379746,0.0,0.31700033269379746,0.31700033269379746,0.1331844386824079,0.0,0.1331844386824079,0.1331844386824079,0.0,0.0,0.0,0.0
157.0,0.0,157.0,157.0,0.0,0.0,0.0,0.0,157.0,0.0,157.0,157.0,0.0,0.0,0.0,0.0,0.5105949383478948,0.0,0.5105949383478948,0.5105949383478948,0.15872548024752395,0.0,0.15872548024752395,0.15872548024752395,0.35006697326915465,0.0,0.35006697326915465,0.35006697326915465,0.6199381582068889,0.0,0.6199381582068889,0.6199381582068889,0.5923484576799415,0.0,0.5923484576799415,0.5923484576799415,0.9862402827541805,0.0,0.9862402827541805,0.9862402827541805,0.6453382305051033,0.0,0.6453382305051033,0.6453382305051033
157.0,0.0,157.0,157.0,0.0,0.0,0.0,0.0,157.0,0.0,157.0,157.0,0.0,0.0,0.0,0.0,0.5248492872144462,0.0,0.5248492872144462,0.5248492872144462,0.15863694398733436,0.0,0.15863694398733436,0.15863694398733436,0.3424660428688071,0.0,0.3424660428688071,0.3424660428688071,0.6213720504972979,0.0,0.6213720504972979,0.6213720504972979,0.592982110791878,0.0,0.592982110791878,0.592982110791878,0.9864529417448489,0.0,0.9864529417448489,0.9864529417448489,0.6456532239851176,0.0,0.6456532239851176,0.6456532239851176
157.0,0.0,157.0,157.0,0.0,0.0,0.0,0.0,157.0,0.0,157.0,157.0,0.0,0.0,0.0,0.0,0.18855959468912079,0.0,0.18855959468912079,0.18855959468912079,0.15863694398733436,0.0,0.15863694398733436,0.15863694398733436,0.3424629507043126,0.0,0.3424629507043126,0.3424629507043126,0.6213248501566907,0.0,0.6213248501566907,0.6213248501566907,0.5926536841687133,0.0,0.5926536841687133,0.5926536841687133,0.986264042643007,0.0,0.986264042643007,0.986264042643007,0.6446521762442452,0.0,0.6446521762442452,0.6446521762442452
157.0,0.0,157.0,157.0,0.0,0.0,0.0,0.0,157.0,0.0,157.0,157.0,0.0,0.0,0.0,0.0,0.2361530543308464,3.1031676915590914e-17,0.23615305433084643,0.23615305433084643,0.15850434355520118,0.0,0.15850434355520118,0.15850434355520118,0.32883845638578707,0.0,0.32883845638578707,0.32883845638578707,0.6238750356060044,0.0,0.6238750356060044,0.6238750356060044,0.5935780288834667,0.0,0.5935780288834667,0.5935780288834667,0.986550727832069,0.0,0.986550727832069,0.986550727832069,0.645116739270697,0.0,0.645116739270697,0.645116739270697
157.0,0.0,157.0,157.0,0.0,0.0,0.0,0.0,157.0,0.0,157.0,157.0,0.0,0.0,0.0,0.0,0.2507845103415232,0.0,0.2507845103415232,0.2507845103415232,0.15850178827579126,0.0,0.15850178827579126,0.15850178827579126,0.3283179728930619,0.0,0.3283179728930619,0.3283179728930619,0.6245936249479788,0.0,0.6245936249479788,0.6245936249479788,0.594831896961674,0.0,0.594831896961674,0.594831896961674,0.987205454069683,1.2412670766236366e-16,0.9872054540696831,0.9872054540696831,0.6469581289119865,0.0,0.6469581289119865,0.6469581289119865
157.0,0.0,157.0,157.0,0.0,0.0,0.0,0.0,157.0,0.0,157.0,157.0,0.0,0.0,0.0,0.0,0.25079644501287096,0.0,0.25079644501287096,0.25079644501287096,0.15850178827579126,0.0,0.15850178827579126,0.15850178827579126,0.32831793496959416,0.0,0.32831793496959416,0.32831793496959416,0.6248726644163659,0.0,0.6248726644163659,0.6248726644163659,0.5970042922162008,0.0,0.5970042922162008,0.5970042922162008,0.9883837375698372,1.2412670766236366e-16,0.9883837375698371,0.9883837375698371,0.6535900638713844,0.0,0.6535900638713844,0.6535900638713844
157.0,0.0,157.0,157.0,0.0,0.0,0.0,0.0,157.0,0.0,157.0,157.0,0.0,0.0,0.0,0.0,0.25079526965394733,0.0,0.25079526965394733,0.25079526965394733,0.15760986350137007,0.0,0.15760986350137007,0.15760986350137007,0.32832399678354834,0.0,0.32832399678354834,0.32832399678354834,0.6248819409598175,0.0,0.6248819409598175,0.6248819409598175,0.5970760984875304,0.0,0.5970760984875304,0.5970760984875304,0.9884040207910114,1.2412670766236366e-16,0.9884040207910115,0.9884040207910115,0.6536243196840597,0.0,0.6536243196840597,0.6536243196840597
157.0,0.0,157.0,157.0,0.0,0.0,0.0,0.0,157.0,0.0,157.0,157.0,0.0,0.0,0.0,0.0,0.1880810613209415,0.0,0.1880810613209415,0.1880810613209415,0.1576100514038938,0.0,0.1576100514038938,0.1576100514038938,0.33115350479036565,0.0,0.33115350479036565,0.33115350479036565,0.6223062195029068,0.0,0.6223062195029068,0.6223062195029068,0.5969805735955569,0.0,0.5969805735955569,0.5969805735955569,0.9883586609588235,0.0,0.9883586609588235,0.9883586609588235,0.6534984056263021,0.0,0.6534984056263021,0.6534984056263021
157.0,0.0,157.0,157.0,0.0,0.0,0.0,0.0,157.0,0.0,157.0,157.0,0.0,0.0,0.0,0.0,0.18808488405777224,0.0,0.18808488405777224,0.18808488405777224,0.1576100514038938,0.0,0.1576100514038938,0.1576100514038938,0.3311534449929876,0.0,0.3311534449929876,0.3311534449929876,0.6225909202187339,0.0,0.6225909202187339,0.6225909202187339,0.599359302101764,0.0,0.599359302101764,0.599359302101764,0.9895734571480753,0.0,0.9895734571480753,0.9895734571480753,0.6635618071197226,0.0,0.6635618071197226,0.6635618071197226
157.0,0.0,157.0,157.0,0.0,0.0,0.0,0.0,157.0,0.0,157.0,157.0,0.0,0.0,0.0,0.0,0.1880893804284965,0.0,0.1880893804284965,0.1880893804284965,0.1576100514038938,0.0,0.1576100514038938,0.1576100514038938,0.33115347536422124,0.0,0.33115347536422124,0.33115347536422124,0.6226654813251764,0.0,0.6226654813251764,0.6226654813251764,0.5998305336676178,0.0,0.5998305336676178,0.5998305336676178,0.9895771866872385,1.2412670766236366e-16,0.9895771866872386,0.9895771866872386,0.6635858492245852,0.0,0.6635858492245852,0.6635858492245852
157.0,0.0,157.0,157.0,0.0,0.0,0.0,0.0,157.0,0.0,157.0,157.0,0.0,0.0,0.0,0.0,0.18803130036989912,0.0,0.18803130036989912,0.18803130036989912,0.1576100514038938,0.0,0.1576100514038938,0.1576100514038938,0.3311537678724785,0.0,0.3311537678724785,0.3311537678724785,0.6170777285833585,0.0,0.6170777285833585,0.6170777285833585,0.5610509646997162,0.0,0.5610509646997162,0.5610509646997162,0.9665058514689532,0.0,0.9665058514689532,0.9665058514689532,0.6241139452201001,0.0,0.6241139452201001,0.6241139452201001
157.0,0.0,157.0,157.0,0.0,0.0,0.0,0.0,157.0,0.0,157.0,157.0,0.0,0.0,0.0,0.0,0.1775264661932426,0.0,0.1775264661932426,0.1775264661932426,0.1576100514038938,0.0,0.1576100514038938,0.1576100514038938,0.33115395211018317,0.0,0.33115395211018317,0.33115395211018317,0.6022037207017308,0.0,0.6022037207017308,0.6022037207017308,0.5595381258984503,0.0,0.5595381258984503,0.5595381258984503,0.9665373069939843,0.0,0.9665373069939843,0.9665373069939843,0.6242498927849449,0.0,0.6242498927849449,0.6242498927849449
157.0,0.0,157.0,157.0,0.0,0.0,0.0,0.0,157.0,0.0,157.0,157.0,0.0,0.0,0.0,0.0,0.1773725615603711,0.0,0.1773725615603711,0.1773725615603711,0.15777417728848106,0.0,0.15777417728848106,0.15777417728848106,0.3311482067662722,0.0,0.3311482067662722,0.3311482067662722,0.600574092808214,0.0,0.600574092808214,0.600574092808214,0.5543419945731457,0.0,0.5543419945731457,0.5543419945731457,0.9596470015977818,0.0,0.9596470015977818,0.9596470015977818,0.621891722988273,0.0,0.621891722988273,0.621891722988273
157.0,0.0,157.0,157.0,0.0,0.0,0.0,0.0,157.0,0.0,157.0,157.0,0.0,0.0,0.0,0.0,0.19195164970469417,0.0,0.19195164970469417,0.19195164970469417,0.15777193375064785,0.0,0.15777193375064785,0.15777193375064785,0.33041027015706287,0.0,0.33041027015706287,0.33041027015706287,0.601829659380008,0.0,0.601829659380008,0.601829659380008,0.5565028725430778,0.0,0.5565028725430778,0.5565028725430778,0.96173371768422,1.2412670766236366e-16,0.9617337176842201,0.9617337176842201,0.6254125406649323,0.0,0.6254125406649323,0.6254125406649323
157.0,0.0,157.0,157.0,0.0,0.0,0.0,0.0,157.0,0.0,157.0,157.0,0.0,0.0,0.0,0.0,0.21773871430292382,0.0,0.21773871430292382,0.21773871430292382,0.15777193375064785,0.0,0.15777193375064785,0.15777193375064785,0.33041074084198696,0.0,0.33041074084198696,0.33041074084198696,0.642846484832961,0.0,0.642846484832961,0.642846484832961,0.6120144318710151,0.0,0.6120144318710151,0.6120144318710151,0.9618653806420951,0.0,0.9618653806420951,0.9618653806420951,0.625763984688593,0.0,0.625763984688593,0.625763984688593
157.0,0.0,157.0,157.0,0.0,0.0,0.0,0.0,157.0,0.0,157.0,157.0,0.0,0.0,0.0,0.0,0.21823158009871713,0.0,0.21823158009871713,0.21823158009871713,0.15777193375064785,0.0,0.15777193375064785,0.15777193375064785,0.3304106839361692,0.0,0.3304106839361692,0.3304106839361692,0.6467667213276038,0.0,0.6467667213276038,0.6467667213276038,0.6283811735116773,0.0,0.6283811735116773,0.6283811735116773,0.9771575125142424,0.0,0.9771575125142424,0.9771575125142424,0.637155972475569,0.0,0.637155972475569,0.637155972475569
157.0,0.0,157.0,157.0,0.0,0.0,0.0,0.0,157.0,0.0,157.0,157.0,0.0,0.0,0.0,0.0,0.35161607564931,0.0,0.35161607564931,0.35161607564931,0.15777193375064785,0.0,0.15777193375064785,0.15777193375064785,0.3304111366231746,0.0,0.3304111366231746,0.3304111366231746,0.6467979932327237,0.0,0.6467979932327237,0.6467979932327237,0.6285609951364501,0.0,0.6285609951364501,0.6285609951364501,0.9772811852299055,0.0,0.9772811852299055,0.9772811852299055,0.637441575150231,0.0,0.637441575150231,0.637441575150231
157.0,0.0,157.0,157.0,0.0,0.0,0.0,0.0,157.0,0.0,157.0,157.0,0.0,0.0,0.0,0.0,0.6364425537816665,0.0,0.6364425537816665,0.6364425537816665,0.15777193375064785,0.0,0.15777193375064785,0.15777193375064785,0.33041204914151984,0.0,0.33041204914151984,0.33041204914151984,0.6468578206468433,0.0,0.6468578206468433,0.6468578206468433,0.6289036286808454,0.0,0.6289036286808454,0.6289036286808454,0.9775178616398315,1.2412670766236366e-16,0.9775178616398313,0.9775178616398313,0.6381058283852005,0.0,0.6381058283852005,0.6381058283852005
157.0,0.0,157.0,157.0,0.0,0.0,0.0,0.0,157.0,0.0,157.0,157.0,0.0,0.0,0.0,0.0,0.017564398923792874,0.0,0.017564398923792874,0.017564398923792874,0.15777288250788185,0.0,0.15777288250788185,0.15777288250788185,0.46996583007028664,0.0,0.46996583007028664,0.46996583007028664,0.6374957382364758,0.0,0.6374957382364758,0.6374957382364758,0.6275951775435236,0.0,0.6275951775435236,0.6275951775435236,0.9766397932083729,0.0,0.9766397932083729,0.9766397932083729,0.6368919824051728,0.0,0.6368919824051728,0.6368919824051728
157.0,0.0,157.0,157.0,0.0,0.0,0.0,0.0,157.0,0.0,157.0,157.0,0.0,0.0,0.0,0.0,0.017840485289098863,0.0,0.017840485289098863,0.017840485289098863,0.15750427902543387,0.0,0.15750427902543387,0.15750427902543387,0.46823410276836086,6.206335383118183e-17,0.4682341027683608,0.4682341027683608,0.6378591420877889,0.0,0.6378591420877889,0.6378591420877889,0.6288932589913095,0.0,0.6288932589913095,0.6288932589913095,0.9772799887106636,1.2412670766236366e-16,0.9772799887106637,0.9772799887106637,0.6377887182922567,0.0,0.6377887182922567,0.6377887182922567
157.0,0.0,157.0,157.0,0.0,0.0,0.0,0.0,157.0,0.0,157.0,157.0,0.0,0.0,0.0,0.0,0.6517726899678411,0.0,0.6517726899678411,0.6517726899678411,0.12736215641637622,0.0,0.12736215641637622,0.12736215641637622,0.3446788911490656,0.0,0.3446788911490656,0.3446788911490656,0.6395811207212242,0.0,0.6395811207212242,0.6395811207212242,0.5927026612202768,0.0,0.5927026612202768,0.5927026612202768,0.9470247926353792,0.0,0.9470247926353792,0.9470247926353792,0.5640010255673807,0.0,0.5640010255673807,0.5640010255673807
157.0,0.0,157.0,157.0,0.0,0.0,0.0,0.0,157.0,0.0,157.0,157.0,0.0,0.0,0.0,0.0,0.6229004095250509,0.0,0.6229004095250509,0.6229004095250509,0.1273645149801701,0.0,0.1273645149801701,0.1273645149801701,0.3454211843286658,0.0,0.3454211843286658,0.3454211843286658,0.6386573009010971,0.0,0.6386573009010971,0.6386573009010971,0.5905848139330521,0.0,0.5905848139330521,0.5905848139330521,0.9444926328336465,1.2412670766236366e-16,0.9444926328336464,0.9444926328336464,0.5481116371127495,0.0,0.5481116371127495,0.5481116371127495
157.0,0.0,157.0,157.0,0.0,0.0,0.0,0.0,157.0,0.0,157.0,157.0,0.0,0.0,0.0,0.0,0.6241159398340603,0.0,0.6241159398340603,0.6241159398340603,0.1273645149801701,0.0,0.1273645149801701,0.1273645149801701,0.34542116046788685,0.0,0.34542116046788685,0.34542116046788685,0.6459491220260025,0.0,0.6459491220260025,0.6459491220260025,0.6279939158173196,0.0,0.6279939158173196,0.6279939158173196,0.9727522288635522,0.0,0.9727522288635522,0.9727522288635522,0.6429018412809618,0.0,0.6429018412809618,0.6429018412809618
157.0,0.0,157.0,157.0,0.0,0.0,0.0,0.0,157.0,0.0,157.0,157.0,0.0,0.0,0.0,0.0,0.6528923888956383,0.0,0.6528923888956383,0.6528923888956383,0.1273645149801701,0.0,0.1273645149801701,0.1273645149801701,0.3454212214892317,0.0,0.3454212214892317,0.3454212214892317,0.6460697659839973,0.0,0.6460697659839973,0.6460697659839973,0.6280458118546834,0.0,0.6280458118546834,0.6280458118546834,0.9732084566926172,0.0,0.9732084566926172,0.9732084566926172,0.6430451023135644,0.0,0.6430451023135644,0.6430451023135644
157.0,0.0,157.0,157.0,0.0,0.0,0.0,0.0,157.0,0.0,157.0,157.0,0.0,0.0,0.0,0.0,0.6200961123244956,0.0,0.6200961123244956,0.6200961123244956,0.12758749413482623,0.0,0.12758749413482623,0.12758749413482623,0.38669965743343127,0.0,0.38669965743343127,0.38669965743343127,0.6421307488466393,0.0,0.6421307488466393,0.6421307488466393,0.6247401540784967,0.0,0.6247401540784967,0.6247401540784967,0.9693293469821297,0.0,0.9693293469821297,0.9693293469821297,0.6421622912577747,0.0,0.6421622912577747,0.6421622912577747
157.0,0.0,157.0,157.0,0.0,0.0,0.0,0.0,157.0,0.0,157.0,157.0,0.0,0.0,0.0,0.0,0.7073957962839751,0.0,0.7073957962839751,0.7073957962839751,0.12758749413482623,0.0,0.12758749413482623,0.12758749413482623,0.3866997864859158,0.0,0.3866997864859158,0.3866997864859158,0.6426252369256653,0.0,0.6426252369256653,0.6426252369256653,0.6248174566505265,0.0,0.6248174566505265,0.6248174566505265,0.9712061902326633,0.0,0.9712061902326633,0.9712061902326633,0.6424639254663735,0.0,0.6424639254663735,0.6424639254663735
157.0,0.0,157.0,157.0,0.0,0.0,0.0,0.0,157.0,0.0,157.0,157.0,0.0,0.0,0.0,0.0,0.7073919013301779,0.0,0.7073919013301779,0.7073919013301779,0.12758749413482623,0.0,0.12758749413482623,0.12758749413482623,0.3866997816890405,0.0,0.3866997816890405,0.3866997816890405,0.6425762836763249,0.0,0.6425762836763249,0.6425762836763249,0.6247374119974326,0.0,0.6247374119974326,0.6247374119974326,0.9712037685732463,0.0,0.9712037685732463,0.9712037685732463,0.6424526829574826,0.0,0.6424526829574826,0.6424526829574826
157.0,0.0,157.0,157.0,0.0,0.0,0.0,0.0,157.0,0.0,157.0,157.0,0.0,0.0,0.0,0.0,0.7073924332948064,0.0,0.7073924332948064,0.7073924332948064,0.12647340457685274,0.0,0.12647340457685274,0.12647340457685274,0.3867030131046687,0.0,0.3867030131046687,0.3867030131046687,0.6425828690563369,0.0,0.6425828690563369,0.6425828690563369,0.624757695473337,0.0,0.624757695473337,0.624757695473337,0.9712203286430542,0.0,0.9712203286430542,0.9712203286430542,0.642511922741439,0.0,0.642511922741439,0.642511922741439
157.0,0.0,157.0,157.0,0.0,0.0,0.0,0.0,157.0,0.0,157.0,157.0,0.0,0.0,0.0,0.0,0.7080541553034415,0.0,0.7080541553034415,0.7080541553034415,0.12647340457685274,0.0,0.12647340457685274,0.12647340457685274,0.38670300174786093,0.0,0.38670300174786093,0.38670300174786093,0.647715778111556,0.0,0.647715778111556,0.647715778111556,0.6394888849728205,0.0,0.6394888849728205,0.6394888849728205,0.991061683970081,0.0,0.991061683970081,0.991061683970081,0.6590708210898824,0.0,0.6590708210898824,0.6590708210898824
157.0,0.0,157.0,157.0,0.0,0.0,0.0,0.0,157.0,0.0,157.0,157.0,0.0,0.0,0.0,0.0,0.7088356564353108,0.0,0.7088356564353108,0.7088356564353108,0.12635184738648614,0.0,0.12635184738648614,0.12635184738648614,0.3843825579447908,0.0,0.3843825579447908,0.3843825579447908,0.6479158245464727,0.0,0.6479158245464727,0.6479158245464727,0.6396637108882498,0.0,0.6396637108882498,0.6396637108882498,0.9911606886177949,0.0,0.9911606886177949,0.9911606886177949,0.659527550914714,0.0,0.659527550914714,0.659527550914714
157.0,0.0,157.0,157.0,0.0,0.0,0.0,0.0,157.0,0.0,157.0,157.0,0.0,0.0,0.0,0.0,0.7088204711588648,0.0,0.7088204711588648,0.7088204711588648,0.12641697876351415,0.0,0.12641697876351415,0.12641697876351415,0.38438211590424376,0.0,0.38438211590424376,0.38438211590424376,0.6476383093465156,0.0,0.6476383093465156,0.6476383093465156,0.6394444796715987,0.0,0.6394444796715987,0.6394444796715987,0.9900606459647567,1.2412670766236366e-16,0.9900606459647568,0.9900606459647568,0.6584412925030939,0.0,0.6584412925030939,0.6584412925030939
157.0,0.0,157.0,157.0,0.0,0.0,0.0,0.0,157.0,0.0,157.0,157.0,0.0,0.0,0.0,0.0,0.02089091074824879,0.0,0.02089091074824879,0.02089091074824879,0.1264172560936414,0.0,0.1264172560936414,0.1264172560936414,0.4818617608301691,6.206335383118183e-17,0.481861760830169,0.481861760830169,0.6421112200406006,0.0,0.6421112200406006,0.6421112200406006,0.6393954334215312,0.0,0.6393954334215312,0.6393954334215312,0.9899792865650884,0.0,0.9899792865650884,0.9899792865650884,0.6582102245933616,0.0,0.6582102245933616,0.6582102245933616
157.0,0.0,157.0,157.0,0.0,0.0,0.0,0.0,157.0,0.0,157.0,157.0,0.0,0.0,0.0,0.0,0.019419636570157994,0.0,0.019419636570157994,0.019419636570157994,0.1264195768918303,0.0,0.1264195768918303,0.1264195768918303,0.4994801904778005,0.0,0.4994801904778005,0.4994801904778005,0.6397692361012781,0.0,0.6397692361012781,0.6397692361012781,0.6363711411001063,0.0,0.6363711411001063,0.6363711411001063,0.9827767656057441,0.0,0.9827767656057441,0.9827767656057441,0.6562886461409064,0.0,0.6562886461409064,0.6562886461409064
157.0,0.0,157.0,157.0,0.0,0.0,0.0,0.0,157.0,0.0,157.0,157.0,0.0,0.0,0.0,0.0,0.019420190558957242,0.0,0.019420190558957242,0.019420190558957242,0.1264195768918303,0.0,0.1264195768918303,0.1264195768918303,0.49948018899046903,0.0,0.49948018899046903,0.49948018899046903,0.6398258505149303,0.0,0.6398258505149303,0.6398258505149303,0.6363711419472229,0.0,0.6363711419472229,0.6363711419472229,0.9830058724143548,1.2412670766236366e-16,0.9830058724143549,0.9830058724143549,0.6587240775067402,0.0,0.6587240775067402,0.6587240775067402
157.0,0.0,157.0,157.0,0.0,0.0,0.0,0.0,157.0,0.0,157.0,157.0,0.0,0.0,0.0,0.0,0.019414599068671084,0.0,0.019414599068671084,0.019414599068671084,0.15797376719986433,0.0,0.15797376719986433,0.15797376719986433,0.4995349039757257,0.0,0.4995349039757257,0.4995349039757257,0.6396455692563106,0.0,0.6396455692563106,0.6396455692563106,0.6364399924676333,0.0,0.6364399924676333,0.6364399924676333,0.9828911743716752,1.2412670766236366e-16,0.9828911743716753,0.9828911743716753,0.6576551878462678,0.0,0.6576551878462678,0.6576551878462678
59.0,0.0,59.0,59.0,1.0,0.0,1.0,1.0,77.0,0.0,77.0,77.0,79.0,0.0,79.0,79.0,0.019397446743534462,0.0,0.019397446743534462,0.019397446743534462,1.0,0.0,1.0,1.0,2.567266453874994,0.0,2.567266453874994,2.567266453874994,0.4144809590175228,0.0,0.4144809590175228,0.4144809590175228,0.31682723479834934,0.0,0.31682723479834934,0.31682723479834934,0.2913107041750995,0.0,0.2913107041750995,0.2913107041750995,0.0,0.0,0.0,0.0
58.0,0.0,58.0,58.0,1.0,0.0,1.0,1.0,76.0,0.0,76.0,76.0,80.0,0.0,80.0,80.0,0.019294719840085,0.0,0.019294719840085,0.019294719840085,1.0,0.0,1.0,1.0,2.5930318853521515,0.0,2.5930318853521515,2.5930318853521515,0.41303785998501397,0.0,0.41303785998501397,0.41303785998501397,0.3166303234244503,0.0,0.3166303234244503,0.3166303234244503,0.2860821497465586,0.0,0.2860821497465586,0.2860821497465586,0.0,0.0,0.0,0.0
66.0,0.0,66.0,66.0,1.0,0.0,1.0,1.0,84.0,0.0,84.0,84.0,72.0,0.0,72.0,72.0,0.11357589701864299,0.0,0.11357589701864299,0.11357589701864299,1.0,0.0,1.0,1.0,2.604996890182196,0.0,2.604996890182196,2.604996890182196,0.42704016114716314,0.0,0.42704016114716314,0.42704016114716314,0.31664384439437643,0.0,0.31664384439437643,0.31664384439437643,0.33727271768836087,0.0,0.33727271768836087,0.33727271768836087,0.0,0.0,0.0,0.0
66.0,0.0,66.0,66.0,1.0,0.0,1.0,1.0,84.0,0.0,84.0,84.0,72.0,0.0,72.0,72.0,0.11369173312685892,0.0,0.11369173312685892,0.11369173312685892,1.0,0.0,1.0,1.0,2.604694464443228,0.0,2.604694464443228,2.604694464443228,0.42736976320245457,6.206335383118183e-17,0.4273697632024546,0.4273697632024546,0.3166440731557175,0.0,0.3166440731557175,0.3166440731557175,0.33866955245867236,0.0,0.33866955245867236,0.33866955245867236,0.0,0.0,0.0,0.0
66.0,0.0,66.0,66.0,1.0,0.0,1.0,1.0,86.0,0.0,86.0,86.0,70.0,0.0,70.0,70.0,0.11388592400539357,1.5515838457795457e-17,0.11388592400539356,0.11388592400539356,1.0,0.0,1.0,1.0,2.606147481387127,0.0,2.606147481387127,2.606147481387127,0.43596751613566564,0.0,0.43596751613566564,0.43596751613566564,0.32904497820911266,0.0,0.32904497820911266,0.32904497820911266,0.3388074609319644,0.0,0.3388074609319644,0.3388074609319644,0.0,0.0,0.0,0.0
157.0,0.0,157.0,157.0,0.0,0.0,0.0,0.0,157.0,0.0,157.0,157.0,0.0,0.0,0.0,0.0,0.9318555024545484,0.0,0.9318555024545484,0.9318555024545484,0.5620207322787991,0.0,0.5620207322787991,0.5620207322787991,0.7841077361181479,0.0,0.7841077361181479,0.7841077361181479,0.6171401080781741,0.0,0.6171401080781741,0.6171401080781741,0.6003126958707988,0.0,0.6003126958707988,0.6003126958707988,0.9859180983503482,0.0,0.9859180983503482,0.9859180983503482,0.6620333198665398,0.0,0.6620333198665398,0.6620333198665398
157.0,0.0,157.0,157.0,0.0,0.0,0.0,0.0,157.0,0.0,157.0,157.0,0.0,0.0,0.0,0.0,0.9299373093463659,1.2412670766236366e-16,0.929937309346366,0.929937309346366,0.5886504312550288,0.0,0.5886504312550288,0.5886504312550288,0.9772616204055364,0.0,0.9772616204055364,0.9772616204055364,0.5825212610170964,0.0,0.5825212610170964,0.5825212610170964,0.5643037332657054,0.0,0.5643037332657054,0.5643037332657054,0.9857231722319002,0.0,0.9857231722319002,0.9857231722319002,0.6617840066391674,0.0,0.6617840066391674,0.6617840066391674
